comment,sentiment,votes,hearted,replies,date_time
Freezy drops regularly.,Neutral,0,False,0,2025-02-15 13:08:34
"Awesome video, looking forward to the next one!",Positive,0,False,0,2025-02-15 13:06:34
"Fantastic explanation, thank you!",Positive,0,False,0,2025-02-15 12:58:34
Calfreezy food show gonna be called Calfoody,Neutral,0,False,0,2025-02-15 12:57:34
"Fantastic explanation, thank you!",Positive,0,False,0,2025-02-15 12:51:34
Thank you for the great content!,Positive,0,False,0,2025-02-15 12:47:35
"First time viewer here. Loved your video!
And i dont even like food lol",Positive,0,False,0,2025-02-15 12:42:35
you didnt try the spicy vodka at doughbriks ITS THE BEST,Positive,0,False,0,2025-02-15 12:28:35
"Great job, this video was very useful!",Positive,0,False,0,2025-02-15 12:24:35
"Smelly JewBagel said this right here look incredible. Nah it's Propaganda. Drake is very enticing, but doesn't fool me, but does fool USA. No puns.",Neutral,0,False,0,Unknown
"I'm not interested in the food and whatever restaurants anymore. I'm more interested in...

When the fuck did you get a star!? Is it CGI in or did you actually buy a slot?!",Negative,0,False,0,2025-02-15 12:11:35
I feel like you donâ€™t realize how famous â€œMark Wahlbergâ€™s brotherâ€ has been just as long as he has ğŸ˜‚ğŸ˜‚ğŸ˜‚ heâ€™s a founding boy band member from ever before my time,Positive,0,False,0,2025-02-15 12:11:35
"This was exactly what I needed, thanks!",Positive,0,False,0,2025-02-15 12:11:35
"Loved the content, keep it coming!",Positive,1,False,0,2025-02-15 11:11:35
Burger is groundbeef...everything else is a sandwich...would you call a tuna melt a tuna burger? If you would you'd be wrong...I remember my peanut butter and jelly burgers as a kid...f off man,Negative,0,False,0,2025-02-15 11:11:35
"Props buddy, the editor's cal dropping on the Walk of Fame is incredible.",Positive,0,False,0,2025-02-15 10:11:35
Complains about grease on a pepperoni and cheese pizza lmao,Neutral,0,False,0,2025-02-15 10:11:35
Really appreciate the insights in this video.,Positive,0,False,0,2025-02-15 10:11:35
"Thank you for this video, very enlightening!",Positive,0,False,0,2025-02-15 10:11:36
"Great tips, thanks for sharing!",Positive,0,False,0,2025-02-15 09:11:36
Amazing content as always!,Positive,0,False,0,2025-02-15 09:11:36
Really appreciate the insights in this video.,Positive,0,False,0,2025-02-15 09:11:36
"This was exactly what I needed, thanks!",Positive,0,False,0,2025-02-15 09:11:36
Amazing content as always!,Positive,0,False,0,2025-02-15 09:11:36
3 brothers,Neutral,0,False,0,2025-02-15 09:11:36
"To be fair you wore a Yankees hat in LA which is absolutely criminal. 
Respect",Negative,0,False,0,2025-02-15 09:11:36
Better fried chicken in Nashville and Detroit,Neutral,0,False,0,2025-02-15 08:11:36
"Thank you for this video, very enlightening!",Positive,0,False,0,2025-02-15 08:11:37
"Thank you for this video, very enlightening!",Positive,0,False,0,2025-02-15 08:11:37
1:35 Cal having a slight dig at sidesğŸ˜‚ğŸ˜‚,Neutral,0,False,0,Unknown
"You explained this so well, thank you!",Positive,0,False,0,2025-02-15 08:11:37
us sliders are mini burgers,Neutral,0,False,0,2025-02-15 08:11:37
"Your videos are always so helpful, thank you!",Positive,0,False,0,2025-02-15 08:11:37
Drake is a minority shareholder in Daveâ€™s and has zero to do with the food. It is by no measure Drakeâ€™sâ€¦ he is not even the biggest famous shareholder.,Neutral,0,False,0,2025-02-15 08:11:37
Great video! Really enjoyed it.,Positive,0,False,0,2025-02-15 08:11:37
"Fantastic explanation, thank you!",Positive,0,False,0,2025-02-15 08:11:37
Great video! Really enjoyed it.,Positive,0,False,0,2025-02-15 07:11:37
Really appreciate the insights in this video.,Positive,0,False,0,2025-02-15 07:11:37
Amazing content as always!,Positive,0,False,0,2025-02-15 07:11:37
Amazing content as always!,Positive,0,False,0,2025-02-15 07:11:37
"Thank you for this video, very enlightening!",Positive,0,False,0,2025-02-15 07:11:38
"Loved the content, keep it coming!",Positive,0,False,0,2025-02-15 07:11:38
"You explained this so well, thank you!",Positive,0,False,0,2025-02-15 07:11:38
"Great job, this video was very useful!",Positive,0,False,0,2025-02-15 07:11:38
Amazing content as always!,Positive,0,False,0,2025-02-15 07:11:38
im so happy u are doing more food stuff this year,Positive,0,False,0,2025-02-15 06:11:38
Amazing content as always!,Positive,0,False,0,2025-02-15 06:11:38
"Loved the content, keep it coming!",Positive,0,False,0,2025-02-15 06:11:38
"Great job, this video was very useful!",Positive,0,False,0,2025-02-15 06:11:38
"I understand the novelty behind the pattern on your sweater, but it just looks to me like you used it as a broom on a dirty floor.",Negative,0,False,0,2025-02-15 06:11:38
"Fantastic explanation, thank you!",Positive,0,False,0,2025-02-15 06:11:38
"Daveâ€™s hot chicken is owned by Dave Koplar, Arman Oganesyan, Tommy Karas, and Nabeel Alamgir. Not drake you sloth looking chemo patient",Negative,0,False,0,2025-02-15 06:11:38
"Cal go try Howlinâ€™ Rays here in LA, itâ€™s MILES BETTER than Daveâ€™s hot chicken",Positive,0,False,0,2025-02-15 06:11:38
Amazing content as always!,Positive,0,False,0,2025-02-15 06:11:38
Best food content? Wtf are you even saying bro... theres literally hundreds of channels specifically for food like Nick D.... ğŸ˜‚,Neutral,1,False,0,2025-02-15 06:11:38
"Very well done, appreciate this video!",Positive,0,False,0,2025-02-15 06:11:39
"Thanks for sharing this, learned a lot.",Positive,0,False,0,2025-02-15 06:11:39
3:11 Harry GFilm! I love you soooo much  ğŸ’™,Positive,1,False,0,2025-02-15 06:11:39
Thank you for the great content!,Positive,0,False,0,2025-02-15 06:11:39
"Thanks for sharing this, learned a lot.",Positive,0,False,0,2025-02-15 06:11:39
"Fantastic explanation, thank you!",Positive,0,False,0,2025-02-15 05:11:40
"Awesome video, looking forward to the next one!",Positive,0,False,0,2025-02-15 05:11:40
"This was exactly what I needed, thanks!",Positive,0,False,0,2025-02-15 05:11:40
Amazing content as always!,Positive,0,False,0,2025-02-15 05:11:40
"This video was amazing, learned a lot.",Positive,0,False,0,2025-02-15 05:11:40
"Great job, this video was very useful!",Positive,0,False,0,2025-02-15 05:11:40
Nice video Callum!ğŸ˜€,Positive,1,False,0,2025-02-15 05:11:41
"You explained this so well, thank you!",Positive,0,False,0,2025-02-15 05:11:41
"Awesome video, looking forward to the next one!",Positive,0,False,0,2025-02-15 05:11:41
"Great tips, thanks for sharing!",Positive,0,False,0,2025-02-15 05:11:41
"Loved this video, keep up the great work!",Positive,0,False,0,2025-02-15 05:11:41
"You explained this so well, thank you!",Positive,0,False,0,2025-02-15 05:11:41
They force you to tip in Whallburgers? We usually only tip if the service was good in the UK. I wouldn't tip in America unless the service was good,Negative,0,False,0,2025-02-15 04:11:41
The hairline canâ€™t be that bad,Negative,1,False,0,2025-02-15 04:11:41
60dollars pizza isnt overpriced sure bud i get it... u dont want to make an enemey out of david dobrick lol,Neutral,0,False,0,2025-02-15 04:11:41
"You should review places in the north of England such as Manchester, Leeds etc",Neutral,0,False,0,2025-02-15 04:11:41
"Loved this video, keep up the great work!",Positive,0,False,0,2025-02-15 04:11:41
"Loved the content, keep it coming!",Positive,0,False,0,2025-02-15 04:11:41
"You explained this so well, thank you!",Positive,0,False,0,2025-02-15 04:11:41
"Thank you for this video, very enlightening!",Positive,0,False,0,2025-02-15 04:11:41
"Pain du chocolat is made with a chocolate stick rolled up in the dough, it's not a piped in filling.",Neutral,0,False,0,2025-02-15 04:11:42
"This was exactly what I needed, thanks!",Positive,0,False,0,2025-02-15 04:11:42
"Great tips, thanks for sharing!",Positive,0,False,0,2025-02-15 04:11:42
"This was very informative, appreciate it.",Positive,0,False,0,2025-02-15 04:11:42
"This was super helpful, thanks!",Positive,0,False,0,2025-02-15 03:11:42
"This was exactly what I needed, thanks!",Positive,0,False,0,2025-02-15 03:11:42
"Hello, Humans
When you waste time thinking about others, your own greatness may pass you by.

TERRANCE OUT",Negative,0,False,0,2025-02-15 03:11:42
Talented kanye wast ğŸ˜‚ğŸ˜‚ğŸ˜‚ğŸ˜‚ğŸ˜‚ğŸ˜‚ğŸ˜‚ğŸ˜‚ğŸ˜‚ğŸ˜‚ğŸ˜‚ğŸ˜‚ğŸ˜‚ğŸ˜‚ğŸ˜‚ğŸ˜‚ğŸ˜‚ğŸ˜‚ğŸ˜‚ğŸ˜‚ğŸ˜‚ğŸ˜‚ğŸ˜‚ğŸ˜‚ğŸ˜‚ğŸ˜‚ğŸ˜‚ğŸ˜‚ğŸ˜‚ğŸ˜‚ğŸ˜‚ğŸ˜‚ğŸ˜‚ğŸ˜‚ğŸ˜‚ğŸ˜‚ğŸ˜‚ğŸ˜‚ğŸ˜‚ğŸ˜‚ğŸ˜‚ğŸ˜‚ğŸ˜‚ğŸ˜‚ğŸ˜‚ğŸ˜‚ğŸ˜‚,Neutral,0,False,0,2025-02-15 03:11:43
Lol wtf is that thumbnail?,Neutral,0,False,0,2025-02-15 03:11:43
To be honest. You did not have proper food. US snd UK is overrated.  Come and try South African food,Negative,1,False,0,2025-02-15 03:11:43
"Great tips, thanks for sharing!",Positive,0,False,0,2025-02-15 03:11:43
"Tipping for your meal before you've even been served is wild, Americans ain't going to have me doing that...",Negative,0,False,0,2025-02-15 03:11:43
"This was very informative, appreciate it.",Positive,0,False,0,2025-02-15 03:11:43
"Loved this video, keep up the great work!",Positive,0,False,0,2025-02-15 03:11:43
"Thank you for this video, very enlightening!",Positive,0,False,0,2025-02-15 03:11:43
"Great job, this video was very useful!",Positive,0,False,0,2025-02-15 03:11:43
"Great job, this video was very useful!",Positive,0,False,0,2025-02-15 03:11:43
honey on chips is devious work,Negative,0,False,0,2025-02-15 03:11:43
"Thank you for this video, very enlightening!",Positive,0,False,0,2025-02-15 03:11:43
"Great job, this video was very useful!",Positive,0,False,0,2025-02-15 03:11:43
You should try to go to buffalo New York and try the wings they are the best single food item in the world,Positive,0,False,0,2025-02-15 02:11:44
"Great tips, thanks for sharing!",Positive,0,False,0,2025-02-15 02:11:44
"Loving this type of content from you ,   never gets boring",Positive,0,False,0,2025-02-15 02:11:44
"This was exactly what I needed, thanks!",Positive,0,False,0,2025-02-15 02:11:44
Thank you for the great content!,Positive,0,False,0,2025-02-15 02:11:44
Thank you for the great content!,Positive,0,False,0,2025-02-15 02:11:44
Dave's hot chicken review was clearly sponsored.,Neutral,0,False,0,2025-02-15 02:11:45
"Loved this video, keep up the great work!",Positive,0,False,0,2025-02-15 02:11:45
"Awesome video, looking forward to the next one!",Positive,0,False,0,2025-02-15 02:11:45
"Your videos are always so helpful, thank you!",Positive,0,False,0,2025-02-15 02:11:45
Amazing content as always!,Positive,0,False,0,2025-02-15 02:11:45
Daveâ€™s hot chicken is booty cheeks nastiest chicken sandwich,Negative,0,False,0,Unknown
"This was super helpful, thanks!",Positive,0,False,0,2025-02-15 01:11:45
"This was super helpful, thanks!",Positive,0,False,0,2025-02-15 01:11:45
Amazing content as always!,Positive,0,False,0,2025-02-15 01:11:45
"Great job, this video was very useful!",Positive,0,False,0,2025-02-15 01:11:45
"Thanks for sharing this, learned a lot.",Positive,0,False,0,2025-02-15 01:11:45
"Thank you for this video, very enlightening!",Positive,0,False,0,2025-02-15 01:11:45
"Your videos are always so helpful, thank you!",Positive,0,False,0,2025-02-15 01:11:45
Really appreciate the insights in this video.,Positive,0,False,0,2025-02-15 01:11:45
Amazing content as always!,Positive,0,False,0,2025-02-15 01:11:46
Do you actually have a star,Neutral,0,False,0,2025-02-15 01:11:46
"Very well done, appreciate this video!",Positive,0,False,0,2025-02-15 01:11:46
"Thank you for this video, very enlightening!",Positive,0,False,0,2025-02-15 01:11:46
"Your videos are always so helpful, thank you!",Positive,0,False,0,2025-02-15 01:11:46
"Very well done, appreciate this video!",Positive,0,False,0,2025-02-15 01:11:46
"Loved the content, keep it coming!",Positive,0,False,0,2025-02-15 01:11:46
ya,Neutral,0,False,0,2025-02-15 01:11:46
"27:35, Pepperoni, basically always give crazy amount of oil. I think thats a pepperoni issue, and not a pizza issue tbf.",Neutral,0,False,0,2025-02-15 01:11:46
Wish you'd stop lowkey hating on all things vegan (having to 'bring your standards down' wtf) because I otherwise like your food vids,Negative,0,False,0,2025-02-15 00:11:46
vegan shit is pointless,Negative,0,False,0,2025-02-15 00:11:46
Amazing content as always!,Positive,0,False,0,2025-02-15 00:11:46
"Great job, this video was very useful!",Positive,0,False,0,2025-02-15 00:11:46
Someone needs to teach Cal Tripod some table manners,Neutral,0,False,0,2025-02-15 00:11:46
22:35 wow I remember watching that when it came out,Positive,0,False,0,2025-02-15 00:11:46
"Walking around LA in a Yankee hat, what is this?!",Neutral,0,False,0,2025-02-15 00:11:47
Beautiful restaurants,Positive,0,False,0,2025-02-15 00:11:47
It's actually three Wwahlberg brothers. Paul is the chef.,Neutral,0,False,0,2025-02-15 00:11:47
"Your videos are always so helpful, thank you!",Positive,0,False,0,2025-02-15 00:11:47
"This was exactly what I needed, thanks!",Positive,0,False,0,2025-02-15 00:11:47
The 3 Wahlberg brothers only the middle one the chef is the one that had the idea  the other brother is a singer /actor,Neutral,0,False,0,2025-02-15 00:11:48
"Very well done, appreciate this video!",Positive,0,False,0,2025-02-15 00:11:48
Amazing content as always!,Positive,0,False,0,2025-02-15 00:11:48
"Fantastic video, really appreciate your effort!",Positive,0,False,0,2025-02-15 00:11:48
"This was super helpful, thanks!",Positive,0,False,0,2025-02-15 00:11:48
Thank you for the great content!,Positive,0,False,0,2025-02-15 00:11:48
Pre Kanye Crashout? Was this filmed like 4 years ago?,Neutral,0,False,0,2025-02-15 00:11:48
"Thank you for this video, very enlightening!",Positive,0,False,0,2025-02-15 00:11:48
Freezy drops regularly.,Neutral,0,False,0,2025-02-15 00:11:48
"Great job, this video was very useful!",Positive,0,False,0,2025-02-15 00:11:48
"Thank you for this video, very enlightening!",Positive,0,False,0,2025-02-15 00:11:48
"You explained this so well, thank you!",Positive,0,False,0,2025-02-15 00:11:48
I need Cal to learn how to make Pain au chocolat just so he knows why its only a strip of chocolate,Neutral,0,False,0,2025-02-15 00:11:48
"Thanks for sharing this, learned a lot.",Positive,0,False,0,2025-02-15 00:11:48
"Fantastic explanation, thank you!",Positive,0,False,0,2025-02-15 00:11:48
America is such a vibe man.,Positive,0,False,0,2025-02-15 00:11:48
"Loved the content, keep it coming!",Positive,0,False,0,2025-02-15 00:11:48
"Fantastic video, really appreciate your effort!",Positive,0,False,0,2025-02-14 23:11:49
Canâ€™t take these serious anymore after Daveâ€™s hot chicken was good to him itâ€™s ass,Negative,0,False,0,2025-02-14 23:11:49
"Great tips, thanks for sharing!",Positive,0,False,0,2025-02-14 23:11:49
"Stop calling it a burger, it a chicken sandwich.",Negative,0,False,0,2025-02-14 23:11:49
"Fantastic video, really appreciate your effort!",Positive,0,False,0,2025-02-14 23:11:49
"This was super helpful, thanks!",Positive,0,False,0,2025-02-14 23:11:49
You should try Alessandro Del Pieroâ€™s restaurant n10 next time your in LA,Positive,0,False,0,2025-02-14 23:11:49
"You explained this so well, thank you!",Positive,0,False,0,2025-02-14 23:11:49
Dave hot chicken in London lol,Neutral,0,False,0,2025-02-14 23:11:49
"It's the grease melting from the pepperoni Cal, it's not casually there",Neutral,0,False,0,2025-02-14 23:11:49
"Awesome video, looking forward to the next one!",Positive,0,False,0,2025-02-14 23:11:50
"Your videos are always so helpful, thank you!",Positive,0,False,0,2025-02-14 23:11:50
"Bro its processed fatty sausage, what do you expect from it lol",Negative,0,False,0,2025-02-14 23:11:50
Nice going giraffey ğŸ”¥,Positive,1,False,0,2025-02-14 23:11:50
"This was super helpful, thanks!",Positive,0,False,0,2025-02-14 23:11:50
Â£5 doesn't= 1 pizza slice it = 3 pizzas,Neutral,0,False,0,2025-02-14 23:11:50
you could've gone to a vegan burger place i feel,Neutral,0,False,0,2025-02-14 23:11:50
Thank you for the great content!,Positive,0,False,0,2025-02-14 23:11:50
I subscribed today,Neutral,0,False,0,2025-02-14 23:11:50
Really appreciate the insights in this video.,Positive,0,False,0,2025-02-14 23:11:50
Ye the goat ye a god ye a pharaoh ye a monk ye an all timer,Neutral,0,False,0,2025-02-14 22:11:50
Drake really needed that winğŸ˜‚,Neutral,0,False,0,2025-02-14 22:11:50
"This was super helpful, thanks!",Positive,0,False,0,2025-02-14 22:11:50
He said that in the video...,Neutral,0,False,1,2025-02-15 00:11:51
"Fantastic video, really appreciate your effort!",Positive,0,False,0,2025-02-14 22:11:51
Great video! Really enjoyed it.,Positive,0,False,0,2025-02-14 22:11:51
Cal get down to chicken George  in bedford,Neutral,0,False,0,2025-02-14 22:11:51
"You explained this so well, thank you!",Positive,0,False,0,2025-02-14 22:11:51
"This video was amazing, learned a lot.",Positive,0,False,0,2025-02-14 22:11:51
actually three wahlburg brothers every guy in the cutout is a brother,Neutral,0,False,0,2025-02-14 22:11:52
"You explained this so well, thank you!",Positive,0,False,0,2025-02-14 22:11:52
bro said 7$ isnt much for a pizza slice,Neutral,2,False,0,2025-02-14 22:11:52
"4:50 it's just how you traditionally fold the dough, I don't see why you couldn't add a chocolate butter instead of the normal butter that they usually use tho ğŸ‘€",Neutral,0,False,0,2025-02-14 22:11:52
"Thank you for this video, very enlightening!",Positive,0,False,0,2025-02-14 22:11:52
Daves hot chicken is not a drake restaurant lmaoo,Neutral,0,False,0,2025-02-14 22:11:52
"Great job, this video was very useful!",Positive,0,False,0,2025-02-14 22:11:52
All this places are empty,Negative,0,False,0,2025-02-14 22:11:52
A tip for a glorified Burger King is mad,Negative,0,False,0,2025-02-14 22:11:52
"Loved the content, keep it coming!",Positive,0,False,0,2025-02-14 22:11:52
Thank you for the great content!,Positive,0,False,0,2025-02-14 22:11:52
Yiu are just like Americans  saying he is taking over the world whit his chicken burger he can but in 2 place  londen and the usa. How pathetic  are. And saying is that good till you know the real ingredient there and how the make there food.,Negative,0,False,0,2025-02-14 22:11:52
Daveâ€™s chicken is trash,Negative,0,False,0,2025-02-14 22:11:52
You need to try Giordanos pizza in Chicago. Unreal...,Positive,0,False,0,2025-02-14 21:11:52
Â£5 for one slize of pizza is definately a scam,Negative,1,False,0,2025-02-14 21:11:52
That's disgustingly expensive,Negative,1,False,1,2025-02-15 00:11:53
freezy !! great content. the 24 hour challenge is weird. love when you plan what place you want to visit.,Positive,0,False,0,2025-02-14 21:11:53
Havenâ€™t watched cal in years but resubbed after these food videos,Negative,0,False,0,2025-02-14 21:11:53
"i never thought freezy's ""calm"" voice could be so soothing to listen to. time to binge the other food videos as well then ğŸ«¡",Positive,0,False,0,2025-02-14 21:11:53
What even is the accent?,Negative,0,False,0,2025-02-14 21:11:53
"new energy in food channels, good job keep this up!!!!!!!!!!",Positive,0,False,0,2025-02-14 21:11:53
"Silly Brit, Drake doesnâ€™t own Daveâ€™s Hot Chicken ğŸ˜‚ğŸ˜‚ğŸ˜‚ğŸ˜‚ğŸ˜‚",Neutral,0,False,0,2025-02-14 21:11:53
Stopped the video at 11:59 because I've finished my food. Gonna get more food to continue this video â¤ğŸ˜‰ğŸ˜‹,Positive,1,False,0,2025-02-14 21:11:53
"Crinkle fries, hell no",Negative,0,False,0,2025-02-14 21:11:54
Mate have some manners and stop swearing and eating and talking with your mouth full... Just be respectful and a good role model,Neutral,0,False,0,2025-02-14 21:11:54
in the first 23 second you ruined it with AURA! 35 year old man my godness. 0 stars,Negative,0,False,0,2025-02-14 20:11:54
"Europeans:  chicken breast on a bun
""What a tasty Burger""

Americans: ğŸ˜¡ğŸ¤¬ "" a burger is a ground meat patty!""",Negative,0,False,0,2025-02-14 20:11:54
jay z and drake eh???? Yeesh,Neutral,0,False,0,2025-02-14 20:11:54
"Europeans confusion on burgers is so beyond me. A burger is ground meat formed into a patty it has nothing to do with the bun. You can eat a turkey burger on sliced white bread and the actual patty is still considered a burger therefore the sandwich is a burger. If it's not a ground Patty it is a sandwich especially if it is chicken it's a sandwich. Also sliders are small sandwiches regardless if it's a ground meat patty or not it's still called a slider if it's on a small bun. So if you have chicken breast, they're called chicken sliders. I see you guys call anything that has a hamburger bun a burger. A chicken sandwich is not a burger unless you grind it and make a patty out of it, then it's not a burger. It's a chicken burger. I see where it could be confusing but the basis is the fact that a burger is a ground patty. That's literally the only thing Europeans have to understand.. If it's not a ground Patty it's a sandwich, And if it's a small bun it's a slider",Neutral,0,False,0,2025-02-14 20:11:54
No pickles meaning no relish would be like saying no tomatoes means no ketchup,Negative,0,False,0,2025-02-14 20:11:54
Kanye crashed out years ago dude,Negative,0,False,0,2025-02-14 20:11:54
The relish at fatburger is a PICKLE RELISH. most in the states if its relish its probably gonna be pickle relish just an FYI,Neutral,0,False,0,2025-02-14 20:11:54
You look really good in black Freezy ğŸ‘ŒğŸ¼ğŸ˜‰,Positive,0,False,0,2025-02-14 20:11:54
Iâ€™ll argue Hattie Bâ€™s fried chicken in Nashville is better!,Positive,0,False,0,2025-02-14 20:11:54
"Do you want to witness the end of the war? I am a psychologist and rational thinker and I help people to survive. Are you unemployed?, do you need help?, do you need money?. This poem can be exchanged for a free meal. I sell traditional clasical spanish ommelette with potato, egg, onion, olive oil and salt served with hummus, salad and bread. All is cooked fresh from scratch the same day the meal is delivered or eaten. For this job you don't need fridges and you can change the price of your ommelette or meal. Do you want to participate in a psychological and social experiment? Do you want to live a different experience? Do you want to learn having fun?. Who is the best chef?, who wins the most money?. Thank you.",Neutral,0,False,0,2025-02-14 20:11:54
Cals food reviews are the best content heâ€™s made,Positive,0,False,0,2025-02-14 20:11:54
Very English,Neutral,0,False,1,2025-02-15 00:11:55
Drake definitely does not own Daveâ€™s hot chicken. He is an investor.,Negative,1,False,0,2025-02-14 20:11:55
Freezy is gunna be massive if he keeps this up ğŸ˜‚,Positive,0,False,0,2025-02-14 20:11:55
The Whalburger for like 22 quid is nuts,Neutral,0,False,0,Unknown
I'd crush that triple king burger after 4 beers and a couple joints,Positive,0,False,0,2025-02-14 19:11:55
what is the sideman of the sidemans doing,Neutral,0,False,0,2025-02-14 19:11:56
"Mark wahlberg also has a vietnamese restaurant, just google mark wahlberg vietnamese!",Neutral,0,False,0,2025-02-14 19:11:56
"You want a better chicken place go to Eat The Bird Cardiff, Taunton or Exeter unreal place",Neutral,0,False,0,2025-02-14 19:11:56
I could tank that in 10 no bother just let me smoke first!,Neutral,0,False,0,2025-02-14 19:11:56
"Keep creating content like this.
Loving this energy",Positive,0,False,0,2025-02-14 19:11:56
1R1,Neutral,0,False,0,2025-02-14 19:11:56
New channel name should be: CalFoody,Neutral,0,False,0,2025-02-14 18:11:56
Drakes burger is A+. Needs some minor adjustments on their chips tho.,Neutral,0,False,0,2025-02-14 18:11:56
i really want to start food reviewing on youtube,Positive,0,False,0,2025-02-14 18:11:56
i can make better food than all these Celebrity Clowns A wannabe listers,Negative,0,False,0,2025-02-14 18:11:56
"""This was filmed before Kanye's crash out""

What, 10 years ago?",Neutral,14,False,0,2025-02-14 18:11:56
"How do you go to Drakes Dave's Hot Chicken and not give it a score of ""A Minuuuuuuuuuuuus""?!?!",Negative,0,False,0,2025-02-14 18:11:56
$$$,Neutral,0,False,0,2025-02-14 18:11:56
"im guessing you dont realise, the chef is also a wahlberg brother",Neutral,0,False,0,2025-02-14 18:11:56
9:00 I think it's important to say we recorded this pre L.A fires,Neutral,4,False,0,Unknown
"Yo, I love this kind of vids from you cal! Have you thought about checking out the restaurants from Kitchen Nightmares? Maybe the newest one that started in 2023? Would love to see that!",Positive,3,False,0,2025-02-14 18:11:56
Jay-Z don't have 1 mill followers?,Neutral,0,False,0,2025-02-14 18:11:57
"$31.29 USD for a burger, water and fries is fucking daylight robbery.
Eat shit Mark.",Negative,0,False,0,2025-02-14 18:11:57
Very unfortunate timing with the kanye establishment lmao,Negative,0,False,0,2025-02-14 18:11:57
Question...why do all food reviewers look at the food then rush in to take a big bite..i dont understand that bit,Negative,0,False,0,2025-02-14 18:11:57
Icl id also like to see g film reaction. I know heâ€™s not calfrozen but he his opinion is also interesting especially if the whole meal doesnâ€™t get eaten,Positive,0,False,0,2025-02-14 18:11:57
17:50 wouldn't recommend  taking any kids near here then if jay z and ellen go there lol,Negative,0,False,0,2025-02-14 18:11:57
Had daves hot chicken first time in dubai i didnt realise it was owned by drake...great place and right opposite the rixos,Positive,0,False,0,2025-02-14 18:11:57
We had fatburger in the UK but I feel they pulled out of the market? I've not seen one in ages,Negative,0,False,0,2025-02-14 18:11:57
Why does cal always try catch his food off guard when he takes a bite,Negative,0,False,0,2025-02-14 17:11:57
"reminding us to sub may seem repetitive, but I didn't realize I hadn't subbed yet. Plus asking us to like, while I'm enjoying the video always works on me.  So glad to be here for the long haul! ğŸ™ğŸ’•",Positive,0,False,0,2025-02-14 17:11:57
21:58 bro thinks heâ€™s him ğŸ˜­ğŸ™ğŸ»,Positive,0,False,0,2025-02-14 17:11:57
"I like it. When you add random challenges within the food, things makes it feel like an actual food show",Positive,1,False,0,2025-02-14 17:11:58
Drake doesnâ€™t own daveâ€™s hot chicken ğŸ”,Neutral,0,False,0,2025-02-14 17:11:58
I keep thinking my screen has crumbs on it but itâ€™s just calâ€™s jumper,Negative,0,False,0,2025-02-14 17:11:58
'lets see if this can bring back any aura...' bruvva you are a 30 year old man,Neutral,0,False,0,Unknown
bbq sauce always ruins a burger,Negative,0,False,0,2025-02-14 17:11:58
"This video is incredible. I feel a sense of nostalgia when I watch it, the music keeps me engaged, I believe cal is doing a lot of research before he makes sense videos! 10/10 great job mate ğŸ˜†ğŸ’ª",Positive,0,False,0,2025-02-14 17:11:58
Man you gotta give credit to guy who came up with this idea originally,Positive,0,False,0,2025-02-14 17:11:58
"2:23 Hey cal! You can eat a better chicken burger at â€goldiesâ€œ in Berlin, Germany.

They have the best Burger there is!",Positive,0,False,0,2025-02-14 17:11:58
Dude there was a pube on the walburger wtf,Negative,0,False,0,2025-02-14 17:11:58
Why did this bellend order pepperoni pizza when you know pepperoni is oily ğŸ¤”ğŸ¤”ğŸ¤”,Negative,0,False,0,2025-02-14 17:11:59
why is half of them pedos ğŸ’€,Negative,0,False,0,2025-02-14 17:11:59
I'm actually really proud of what you've created here bro,Positive,2,False,0,2025-02-14 16:11:59
Honey on Pizza is king,Positive,0,False,0,2025-02-14 16:11:59
Just open a restaurant at this point.,Neutral,0,False,0,2025-02-14 16:11:59
Pre Kanye crashout.. You filmed this in 2015??,Neutral,0,False,0,2025-02-14 16:11:59
pricing is pretty decent? Bro spent $17 for a burger and milkshake? I'm confusion right now... is that normal in America?,Negative,0,False,0,2025-02-14 16:11:59
Cal moving like UK dave portnoy nowadays,Neutral,0,False,0,2025-02-14 16:11:59
Please test Michelin in Denmark,Neutral,0,False,0,2025-02-14 16:11:59
Next time you're in L.A you should check out Carneys for some good hot dogs (it's in a train carriage and it's on GTA 5),Positive,0,False,0,2025-02-14 16:11:59
Love that its now a food channel,Positive,0,False,0,2025-02-14 16:11:59
Hawksmoor still  catching flack,Negative,0,False,0,2025-02-14 16:11:59
23:38 i think there was hair in the cheese,Neutral,2,False,0,2025-02-14 16:11:59
Best chicken burger ever is poulette Copenhagen Denmark,Positive,0,False,0,2025-02-14 15:11:59
you're 6ft right? where do you get your sweatshirts from?! they look fire ğŸ’¯ğŸ”¥,Positive,0,False,0,2025-02-14 15:11:59
Isnâ€™t Drake just an investor for Daveâ€™s?,Neutral,0,False,0,2025-02-14 15:11:59
I'm loving the video but I just cant believe how empty the streets are in L.A. ğŸ˜‚ I counted 7 people so far lol,Positive,1,False,0,2025-02-14 15:12:00
Best chicken burger Iâ€™ve ever had was a small place in Chippenham called Coq- would highly recommend,Positive,0,False,0,2025-02-14 15:12:00
Drake doesn't even own 50% of Daves so not really his restaurant,Neutral,0,False,0,2025-02-14 15:12:00
9:00 thank u for acknowledging this!,Positive,0,False,0,2025-02-14 15:12:00
$30 for a burger chips and waterâ€¦ thatâ€™s a 0/5,Negative,0,False,0,2025-02-14 15:12:01
why dont u try EMINEM's mom spaghetti.,Neutral,0,False,0,2025-02-14 15:12:01
Ye has the best discography and the best restaurant in the world ğŸ‘ğŸ‘,Positive,0,False,0,2025-02-14 14:12:01
Oh hollywood is burning no burning calerios,Negative,0,False,0,2025-02-14 14:12:01
Come to philly try Asads hot chicken,Neutral,0,False,0,2025-02-14 14:12:01
Dudes accent switching around every 2 seconds ğŸ˜‚,Neutral,0,False,0,2025-02-14 14:12:01
11 out of 15 last videos were food related. at this point start a new channel for it cause its getting stale as fuck.,Negative,0,False,0,2025-02-14 14:12:01
Pepperoni holds oil itâ€™s a greasy food when heated brings the oil out and will stay there especially when they curl up like a bowl,Neutral,0,False,0,2025-02-14 14:12:01
11:26 chlorine taste is most probably the lettuceğŸ˜®,Negative,0,False,0,2025-02-14 14:12:01
Cal really donâ€™t know who markâ€™s brother is damn must be a new kid in the block ğŸ‘€,Neutral,0,False,0,2025-02-14 14:12:01
Thank your acknowledging that restaurant staff take notice of people with a go pro camera and are potential reviewers. Most food review channels donâ€™t.,Neutral,1,False,0,2025-02-14 14:12:01
Bro is reviewing food but doesn't know the difference between a slider and burger..,Negative,0,False,0,2025-02-14 14:12:01
You could have laid down a cash prize for the burger compğŸ˜‚,Neutral,0,False,0,2025-02-14 14:12:01
I mean Kayne was praising hitler two years agoâ€¦ but everyone forgets that,Neutral,0,False,0,2025-02-14 14:12:01
Should have been at diddys foot crib,Neutral,0,False,0,2025-02-14 14:12:01
You need to come to Chicago and try the food.,Positive,0,False,0,2025-02-14 14:12:01
With the croissant when itâ€™s about to go into the oven it donâ€™t start with holes/gaps in it so you canâ€™t put the chocolate everywhere,Neutral,0,False,0,2025-02-14 14:12:02
"I came to the Lord asking for his blessings as a single mom because raising my daughter (Jessica) was an act of courage despite all the challenges. And the Lord answered my prayers with a benefiting income of $31,000 every week. To God be the glory. Jessica is in school and life's been fair lately.",Positive,8,False,0,2025-02-14 14:12:02
"Vegans cant have eggs, vegetarians can",Neutral,0,False,0,2025-02-14 14:12:02
"Man I used to be a regular at Dave's Hot Chicken before I moved out of the US but you're right, it's truly the best chicken and everything on their menu is incredible",Positive,1,False,0,2025-02-14 14:12:02
And the media makes it seem way more dangerous than it is. Just get a local guide if you're going into certain areas then everyone will love you.,Neutral,0,False,1,2025-02-14 14:12:02
"Congratulations!! The scriptures clearly
states there's going a transference of the
riches of the heathen to the righteous. God
keep blessings you",Positive,0,False,1,2025-02-14 14:12:02
But how do you make so much in a week? mind sharing?,Neutral,0,False,1,2025-02-14 14:12:03
It is simply the digital market. A lot of folks in the US and abroad are getting so much from it.,Neutral,0,False,1,2025-02-14 14:12:03
I thank Yvonne Renee Smith who has always been there to help me with detailed analysis and recommendations that I would not have had access to otherwise.,Positive,0,False,1,2025-02-14 14:12:03
$_700k and yet still counting on. Yvonne smith is the kind of person one needs in his or her life to be honestâ¤â¤â¤ï¸>>>>,Positive,0,False,1,2025-02-14 14:12:03
YES! That is exactly her name (Yvonne Renee Smith). I saw her interview on CNN News and so many people highly recommended her and her trading skillsâ¤â¤â¤â¤,Positive,0,False,1,2025-02-14 14:12:03
"I googled her and yes, she has captured my heart. She just got a new client",Positive,0,False,1,2025-02-14 14:12:03
"After raising 325k from trading with her, I bought a new house and car here in the states and also paid for my son's (Oscar) surgery, Glory be to God. Shalom",Positive,0,False,1,2025-02-14 14:12:03
"This sounds so good, and I would like to be a party to this. Is there any way I can speak with her??",Positive,0,False,1,2025-02-14 14:12:03
I will leave her info below this comment,Neutral,0,False,1,2025-02-14 15:12:03
There is her line!!!! under this comment!!!!ğŸ‘ğŸ‘ğŸ‘ combine the DIGITSğŸ”,Neutral,0,False,1,2025-02-14 15:12:04
+1985,Neutral,0,False,1,2025-02-14 15:12:04
3069,Neutral,0,False,1,2025-02-14 15:12:04
"That's her WHATSAPPS
She will guide you ğŸ‡ºğŸ‡²",Neutral,0,False,1,2025-02-14 15:12:04
"It's very nice to see Yvonne Renee Smith being talked about here, her good works are already being talked about and like everyone else, she is spreading the word.",Positive,0,False,1,2025-02-14 15:12:04
"It's a miracle and I would testify, 110K bucks every 4weeks! I now have a big mansion and can now afford anything and also support God's work and the church.",Positive,0,False,1,2025-02-14 15:12:04
"Yvonne Renee Smith is one of a kind, I'm glad to hear others talk about her. So so nice to see this on YouTube!",Positive,0,False,1,2025-02-14 15:12:04
"I remember giving her my first savings, Â£20,000, and she opened a brokerage account for me. It turned out to be the best thing that ever happened to me.",Positive,0,False,1,2025-02-14 15:12:04
Who is this Yvonne Renee Smith?,Neutral,0,False,1,2025-02-14 15:12:04
"Thanks for the recommendation, please how can I reach her?",Positive,0,False,1,2025-02-14 15:12:04
she's active on WHATSAPPS!!!,Positive,0,False,1,2025-02-14 15:12:04
+1985,Neutral,0,False,1,2025-02-14 15:12:04
3069,Neutral,0,False,1,2025-02-14 15:12:04
That's her WHATSAPPS,Neutral,0,False,1,2025-02-14 15:12:04
I'm glad to write her today I do hope she will help me handle my paycheck properlyğŸ˜ŠğŸ˜ŠğŸ˜Š,Positive,0,False,1,2025-02-14 15:12:04
"Can I start with as low as $1,000?",Neutral,0,False,1,2025-02-14 15:12:04
I have made more than 90 K God bless Yvonne Renee Smith bless AmericağŸ‡ºğŸ‡²,Positive,0,False,1,2025-02-14 15:12:04
"Our God indeed is a covenant keeping God. Has he said a thing and did not perform it? I watch how things unfold in my life , from penury to $54,000 every two months, and I can only praise him and trust him more. Hallelujah ğŸ™â™¥ï¸",Positive,0,False,1,2025-02-14 15:12:05
"My advice to everyone is that saving is great but lnvestment is the key to be successful imagine investing $15,000 and received $472,700.",Positive,0,False,1,2025-02-14 15:12:05
"Thank you so much. I'm really fascinated about this info, and I'm lucky I saw your comment. I will look up for her and drop a message. You really inspired me. God bless you.",Positive,0,False,1,2025-02-14 15:12:05
"Just wish I can be among this testimony of yours, I am just willing to begin with $5000 if there is any package like thatğŸ™",Positive,0,False,1,2025-02-14 15:12:05
7 dollars a slice. i can get a whole large deep dish pizza in my country. I live in South Africa,Positive,0,False,0,2025-02-14 14:12:05
"Drake doesn't even own Dave's Hot Chicken, he's just an investor",Neutral,0,False,0,Unknown
what about the jayz diddy stuff,Neutral,0,False,0,2025-02-14 14:12:05
3 Wahlberg brothers. The chef is a brother as well,Neutral,0,False,0,2025-02-14 14:12:05
Why does he keep calling a Chicken Sandwich a Burger that right their kept making say bro wtf is up with this guy,Negative,0,False,0,2025-02-14 14:12:05
Fatburger manager was straight vibes,Neutral,0,False,0,2025-02-14 13:12:05
Need to see calfreezy vs asia street food for a set budget,Neutral,0,False,0,2025-02-14 13:12:06
3:57 jayz with 900k followers no way,Neutral,1,False,0,2025-02-14 13:12:06
"""This was filmed pre kanye crashout.""
Which one?",Neutral,1,False,0,2025-02-14 13:12:06
Can someone fill me in on the most recent Kanye crash out,Neutral,0,False,0,2025-02-14 13:12:06
I can get a whole pizza for 7 dollars,Positive,0,False,0,2025-02-14 13:12:06
"Also Freezy, as an American, the general consensus for over the counter places (as a local over the counter woker) is you aren't obligated to tip like a sit-down restaurant, but people will if they really like the food or service, or if they just feel like it.",Neutral,0,False,0,2025-02-14 13:12:06
Definitely need to try Huston TX Hot Chicken too,Positive,0,False,0,2025-02-14 13:12:06
These videos are awesome! We definitely need to make this a worldwide thing,Positive,0,False,0,2025-02-14 13:12:06
HOWLIN RAYS IN LOS ANGELES. HANDS DOWN THE BEST HOT CHICKEN ON PLANET EARTH.,Positive,0,False,0,2025-02-14 13:12:06
Yikes. Jay-Z might not be the best endorsement at the moment ğŸ˜¶,Negative,0,False,0,2025-02-14 13:12:06
Was Drakes meat that good,Neutral,0,False,0,2025-02-14 13:12:06
Drake technically owns Daveâ€™s hot chicken but thatâ€™s because heâ€™s become the top investor so itâ€™s really not a celebrity restaurant due to him buying it out and not actually creating it,Neutral,0,False,0,2025-02-14 13:12:06
"Ngl, I first starting watching Freezy because of the Sidemen. But seeing he's doing a lot of food videos lately made me sub ğŸ‘Œ",Positive,3,False,0,2025-02-14 13:12:06
Fat burger in las Vegas! Is up there as one of the best burger places I've ever been to the onion rings and the chilli cheese fries are some of the best I have ever had ğŸ˜‹,Positive,0,False,0,2025-02-14 13:12:06
Thatâ€™s what I donâ€™t understand either,Negative,0,False,1,2025-02-14 17:12:07
Ok Iâ€™ll try it,Neutral,0,False,1,2025-02-14 15:12:07
You need to try Howlin Rays itâ€™s better than Daveâ€™s!,Positive,0,False,0,2025-02-14 13:12:07
Come back to Australia,Neutral,0,False,0,2025-02-14 13:12:07
I love your food videos. Great content mate. ğŸ‰,Positive,0,False,0,2025-02-14 13:12:08
you gotta try  blaze pizza (lebron james),Neutral,0,False,0,2025-02-14 13:12:08
"The chicken burger at Fergburger in Queenstown, NZ will make you cry its that good.",Positive,0,False,0,2025-02-14 13:12:08
Patronizing a suspected pedophiles business is crazy work.,Negative,0,False,0,2025-02-14 13:12:08
Try howlin rays,Neutral,0,False,0,2025-02-14 13:12:08
"so wait you chose to go to an alleged pedo, alleged sex trafficker, an alleged nazi supporter and an alleged youtuber pos restaurant... good video 9/10",Negative,0,False,0,2025-02-14 13:12:08
Kanye has done plenty of horrible things before the recent â€œcrash outâ€. Donâ€™t know why people are acting like heâ€™s any different now.,Negative,0,False,0,2025-02-14 13:12:08
"With all this food content, we gotta bring back the cook-off",Neutral,0,False,0,2025-02-14 13:12:08
Bro had to specify this shit was recorded pre kanye rant LMAO,Negative,0,False,0,2025-02-14 13:12:08
Please visit Trejo's taco next time your in LA owned by actor Danny Trejo,Positive,0,False,0,2025-02-14 13:12:08
when i had doughbricks i thought it was pretty trash tbh,Negative,0,False,0,2025-02-14 13:12:08
"Man, you should've tried Trejo's Tacos, you might have seen Danny Trejo there",Neutral,0,False,0,2025-02-14 13:12:08
The way you eat and pick at your food is fkn infuriating lol,Negative,0,False,0,2025-02-14 13:12:08
"$7 per slice is ABSURD, Johnâ€™s of Bleecker St. in NYC serves the best slices in the world for $3 a pop.. take notes Doprick",Positive,0,False,0,2025-02-14 13:12:08
Best content on YouTube! These food videos crush it every time!!!,Positive,0,False,0,2025-02-14 13:12:08
Oh I had no idea that Daveâ€™s was owned by Drake? Itâ€™s actually pretty good at least the one in Orlando,Positive,0,False,0,2025-02-14 13:12:08
"Cal go to Angry chickz in Las Vegas for a better chicken ""burger""",Positive,0,False,0,Unknown
We just call it a chicken sandwich in the states!,Neutral,0,False,0,2025-02-14 13:12:09
"You have to try Cluck Face in Boca Raton, FL or Fort Lauderdale, FL. It is arguably the same if not better than Dave's Hot Chicken. I really enjoy both places though",Positive,0,False,0,2025-02-14 13:12:09
Go to Canada,Neutral,0,False,0,2025-02-14 13:12:09
Why is this so fake,Negative,0,False,0,2025-02-14 13:12:09
9:12 fun fact tyler the creator and asap rocky were at the same exact location 5 years ago,Neutral,1,False,0,Unknown
post Kanye crashout still should earn Fatburger an auto 10 across the board based on anti-semitism alone,Neutral,0,False,0,2025-02-14 13:12:09
"Vegans CAN'T eat eggs, but vegetarians can. Veganism is a misinformed subsect of Vegan that assumes eggs are okay to eat because chickens need to ovulate, so no harm, no foul (lol). But some eggs CAN be hatched from grocery stores, and the logic is hypocritical because TECHNICALLY dairy cows have been bred for thousands of years to produce massive quantities of milk, so if you're following Veganism over being Vegan (no animal products whatsoever), then you're actually being cruel to cows because they NEED to be milked it else they'll be in extreme discomfort, so cheese and butter and milk SHOULD be eaten because it's constantly produced. There are counter arguments and yada yada yadas but c'mon, just go vegan or be vegetarian, veganism is a scam",Negative,0,False,0,2025-02-14 13:12:09
3:25 had to fully open YouTube instead of it half my screen shoutout to the edits bro w,Neutral,1,False,0,2025-02-14 13:12:09
Why did u lick ur fingers before you were even done the pizza slice idiot.,Negative,0,False,0,2025-02-14 13:12:10
Guy orders a 32oz coke and reacts like its bucket. ğŸ˜‚,Neutral,0,False,0,2025-02-14 13:12:10
24:28 is that a hair on your burger directly in the middle of the screen???? please confirm Gfilm?,Neutral,0,False,0,2025-02-14 13:12:10
Says jalapeÃ±os are betterâ€¦â€¦ theyâ€™re the pickled ones ğŸ˜‚ğŸ¤,Positive,0,False,0,2025-02-14 13:12:10
Iâ€™m hungry now,Neutral,0,False,0,2025-02-14 13:12:10
These types of vids always make my mouth water,Negative,1,False,0,2025-02-14 13:12:10
You should do japan man,Neutral,0,False,0,2025-02-14 13:12:10
Love the Hawksmore inside jokeğŸ˜‚ğŸ˜‚,Positive,0,False,0,2025-02-14 13:12:10
"Youâ€™d never catch me being vegan , I devour meat and seafood so the vegans donâ€™t have to.",Neutral,0,False,0,2025-02-14 13:12:10
Three brothers for the Wahlburgers Cal. Come on do your research,Neutral,0,False,0,2025-02-14 13:12:10
Try Jollibee chicken burger ğŸ˜ƒ,Positive,0,False,0,2025-02-14 13:12:10
"It's time to go to war with the use of burger. It has to at least be ground meat to be considered a burger. Even that is pushing it for me, considering hamburgers is just and americanized hamburg steak (which is beef) between two buns.",Neutral,1,False,0,2025-02-14 13:12:10
Wahlburgers is okay they just expanded way too much and now have shut so many locations,Neutral,0,False,0,2025-02-14 13:12:10
And the ending y outdid yourself,Neutral,0,False,1,2025-02-14 13:12:11
Drake chokes his chicken to 11 and partially owns Daveâ€™s hot chicken? Sounds like A Minor issues for corporate.,Negative,0,False,0,2025-02-14 13:12:11
Fatburger used to be more of a gourmet burger place. It looks super dilapidated compared to what it once was,Negative,0,False,0,2025-02-14 13:12:11
Rays howlin hot chicken in LA is a step up from Dave's hot chicken. Thats hands down the best chicken I've ever had,Positive,0,False,0,2025-02-14 13:12:11
The pil is from the pepperoni cups. That is the point of the cups.,Neutral,0,False,0,2025-02-14 13:12:11
whens the next fifa career mode series mr calfronzo,Neutral,0,False,0,2025-02-14 13:12:11
Popeyes spicy chicken sandwich better cal,Positive,0,False,0,2025-02-14 13:12:11
Ive been loving these kinds of videos from Cal,Positive,1,False,0,2025-02-14 13:12:11
The disclaimer on Ye was ğŸ‘©ğŸ»â€ğŸ³ğŸ’‹ and very needed ğŸ˜‚ğŸ˜…,Positive,0,False,0,2025-02-14 13:12:11
Turn timed comments on,Neutral,0,False,0,2025-02-14 13:12:11
"9:05 ""pre kanye crash out"" dang you've been holding onto this footage for a decade? He's been a bigoted piece of shit clown for a long time now, just don't include this pathetic excuse bro",Negative,0,False,0,2025-02-14 13:12:11
21:51 is the star real?.???,Neutral,3,False,0,2025-02-14 13:12:11
"gotta try the UK version of dave's hot chicken, thats where people say its overrated moreso",Negative,0,False,0,2025-02-14 13:12:12
Didn't they burn,Neutral,0,False,0,2025-02-14 13:12:12
The music the video quality and the information. Cals quality of video is really good. It's an enjoyable watch.,Positive,2,False,0,2025-02-14 13:12:12
Cal upload. I'm happy.,Positive,0,False,0,2025-02-14 13:12:12
Make more cook offs cal,Neutral,1,False,0,2025-02-14 13:12:12
"Ye has been very open about his views for 2 years and privately for years before that as well, cop out disclaimer",Neutral,7,False,0,2025-02-14 13:12:12
Bring back the cookoffs for the one TIME,Neutral,0,False,0,2025-02-14 13:12:12
Danny aarons should take notes his food reviews are one of the hardest and most disturbing things to watch on YouTube,Negative,0,False,0,2025-02-14 13:12:12
Now try Howlin' Rays,Neutral,0,False,0,2025-02-14 13:12:12
Of course not ğŸ˜­,Negative,2,False,1,2025-02-14 13:12:12
IT LOOKS SO WELL EDITED OMG I THOUGHT IT WAS REAL,Positive,5,False,1,2025-02-14 15:12:12
@ same I fully searched if it was,Neutral,0,False,1,2025-02-15 08:12:12
Yeah he's been quite loud about his support for the moustache man,Neutral,0,False,1,2025-02-15 01:12:13
Relish is basically pickles lmao you should've of said no relish no pickles.ğŸ˜…ğŸ˜‚,Neutral,0,False,0,2025-02-14 13:12:13
Video idea: Taste a wide range of dishes with some real food critics to see if your opinions match theirs,Neutral,0,False,0,2025-02-14 13:12:13
"Daves is so mid, its ridiculous how much of a trend trap that shit is",Negative,0,False,0,2025-02-14 13:12:13
I love your content sooooo much keep it going king!,Positive,0,False,0,2025-02-14 13:12:13
"""The guy tried to eat so fast he passed away for a few seconds"" ğŸ’€ğŸ’€",Negative,0,False,0,2025-02-14 13:12:13
Fatburger looks so mid,Negative,0,False,0,2025-02-14 13:12:13
I love your content Calfreezy,Positive,75,False,0,2025-02-14 13:12:13
"1:59 I DO THE SAME THING, daveâ€™s hot is so underrated bro",Neutral,0,False,0,2025-02-14 13:12:14
"In the usa, churches, chick fil a, in the uk, sides",Neutral,0,False,0,2025-02-14 13:12:14
So if you want free food whip out a camera,Neutral,0,False,0,2025-02-14 13:12:14
"Should try Angry Chickz if you ever see one, arguably better than Daveâ€™s Hot Chicken",Positive,0,False,0,2025-02-14 13:12:14
The restaurant that you went to that Jay Z is a co-owner of you shouldâ€™ve asked them why he likes to diddle children like his best friend P. Diddy,Neutral,1,False,0,2025-02-14 13:12:14
A burger has to be beef. A slider does not have that restriction.,Neutral,1,False,0,2025-02-14 13:12:14
"Dave's is honestly not my favorite, or at least where I live in California a lot of hot chicken places opened up and those just taste better and spicier",Neutral,0,False,0,2025-02-14 13:12:14
Cal must be the slimmest food reviewer ğŸ˜…,Neutral,0,False,0,2025-02-14 13:12:14
Bro said I'm going down the middle and gave it a 3/5 lmaooo,Neutral,0,False,0,2025-02-14 13:12:14
Starting off at two kiddy diddlers restaurants was a bold move cotton.,Neutral,0,False,0,2025-02-14 13:12:14
Brush just call it a chicken sandwich please ğŸ˜‚,Neutral,0,False,0,2025-02-14 13:12:14
I absolutely love Calâ€™s food vids! ğŸ˜ The way Cal presents and G film edits is just ğŸ§‘â€ğŸ³ğŸ’‹,Positive,0,False,0,Unknown
"Dave's Hot Chicken is owned by Drake? Welp, guess I'm boycotting it. Not supporting a pedo's business.",Negative,0,False,0,2025-02-14 13:12:14
Underrated? ğŸ˜‚ğŸ˜‚ğŸ˜‚ğŸ˜‚ğŸ˜‚ğŸ˜‚ğŸ˜‚ğŸ˜‚,Negative,0,False,1,2025-02-14 14:12:15
@ yes no one talks about it in sc,Neutral,0,False,1,2025-02-15 09:12:15
Hes just an investor in daves idk why they said he owns it,Neutral,0,False,1,2025-02-14 13:12:15
Mate you eat like you're fat bro all eating videos,Negative,0,False,0,2025-02-14 13:12:15
"Cal, you could try popeyes or chick fil a chicken ""sandwich."" However, you may need to be aware since the launch of the chicken sandwich in popeyes caused people to start throwing hands, so be aware. Also, get some sauces with it as well.",Negative,4,False,0,2025-02-14 13:12:16
Probably a good thing you enjoyed Jays restaurant because anyone who talks bad on him gets a target on their backs,Neutral,0,False,0,2025-02-14 13:12:16
"recommend going to hidden gems to help small businesses, cuz your just boosting these ""celebrities"" that realistically prob don't care about the restaurant at all",Neutral,2,False,0,2025-02-14 13:12:16
Daveâ€™s is easily one of my favorite chicken places. I will die on that hill.,Positive,0,False,0,2025-02-14 13:12:16
never watch any food content but for some reason love these vids,Positive,0,False,0,2025-02-14 13:12:16
If only you knew how hard it is to make a croissant then youâ€™d know why you canâ€™t have evenly distributed chocolate between all the layersâ€¦,Negative,0,False,0,2025-02-14 13:12:16
i love my new food youtuber,Positive,0,False,0,2025-02-14 13:12:16
Homie has not tried popeyes,Negative,0,False,0,2025-02-14 13:12:16
"Cal ainâ€™t no pizza connoisseur
The oil in the pepperoni lets you know itâ€™s good pepperoni",Neutral,1,False,0,2025-02-14 13:12:16
"Why is ""Fatburger"" serving lean burgers?",Negative,0,False,0,2025-02-14 13:12:16
Just want to let you know when ever you get a pepperoni pizza and your pepperoni cups up like yours did it will hold the oils from the pepperoni and the hot honey. That is why the oils drip. As for the restaurant you went to that put relish on your burger techniquely it is a sweet pickle chopped up they are two different items.  You need to tell the server no pickle and no relish. We also do not call a chicken sandwich a burger. You can possibly get away with it as long as it is minced up and not breaded. If you are going act like a food critic please do your research on the food styles.,Neutral,1,False,0,2025-02-14 13:12:16
Cal you gotta try shaqs fried chicken restaurant itâ€™s amazing tooğŸ˜‚ğŸ˜‚ğŸ˜‚,Positive,0,False,0,2025-02-14 13:12:16
(predator edition),Neutral,0,False,0,2025-02-14 13:12:16
"Not gonna lie, Iâ€™ve become addicted to Cals food videos",Positive,0,False,0,2025-02-14 13:12:16
Dave's hot chicken is terrible. I've tried several times and it's never been good.,Negative,0,False,0,2025-02-14 13:12:17
"Popeyes is waaay better , canâ€™t trust a British man to give me fried chicken advice",Neutral,0,False,0,2025-02-14 13:12:17
"Patronising cancelled celebrity hotstops: 

Drake: subject to the longest callout for being a nonce ever known
Kanye: Making antisemetic comments since 2022
Mark Wahlberg: Multiple racially-motivated assaults
Jay-Z: Super tight with Diddy and theoretically on his way down
Travis Barker: Threatened to murder his ex wife
Dobrik: Multiple accusations of bullying and sexual assault",Negative,0,False,0,2025-02-14 13:12:17
This was an incredible video but why are half of them owned by the most controversial men atm ğŸ˜­ğŸ˜­ğŸ˜­,Negative,0,False,0,2025-02-14 13:12:17
"For $16, that Wahlburger bbq burger looked so disappointing to be honest. $31 total is just sad.",Negative,2,False,0,2025-02-14 13:12:17
You mean burger? ğŸ˜‚ jKjk. The Way Europeans call anything with a hamburger bun a burger bothers me,Negative,1,False,1,2025-02-14 20:12:17
"Oh, so drakes behind Dave's... welll... nevermind then.",Neutral,0,False,0,2025-02-14 13:12:18
Bro in the blue jumper doing the challenge has hands like shovels,Neutral,0,False,0,2025-02-14 13:12:18
My issue is why you saying Drake owns  the place if he just an investor ? Or am I wrong ?,Neutral,0,False,0,Unknown
Daves got chicken has arrived in the Uk for those interested,Neutral,0,False,0,2025-02-14 13:12:18
They have Daveâ€™s in London now cal,Neutral,0,False,0,2025-02-14 13:12:18
Freezy best dressed YouTuber by far. Kith hat fire,Positive,0,False,0,2025-02-14 13:12:18
That pizza looked incredible ğŸ˜‚,Positive,0,False,0,2025-02-14 13:12:18
"24:27 that burger looks like ass. Limp bacon, hardly any toppings to speak of. Barely melted cheese. And if you zoom in, there's literally hair on the cheese.",Negative,0,False,0,2025-02-14 13:12:18
"whats this 35 year old man child having a meltdown over pickles for, proper melt innit",Negative,0,False,0,2025-02-14 13:12:18
Cal you canâ€™t rate a pizza without trying the crust thatâ€™s the best part,Positive,0,False,0,2025-02-14 13:12:18
did he called fries chips??ğŸ˜‚ğŸ˜‚,Neutral,0,False,0,2025-02-14 13:12:18
"As an American it is so weird seeing service factored in.

Here in the US we really donâ€™t care unless its really really bad",Negative,0,False,0,2025-02-14 13:12:18
bro gets old fashion pep and complains on grease bro that all a pep give tbh,Neutral,0,False,0,2025-02-14 13:12:18
These are the best vids for when Iâ€™m eating,Positive,1,False,0,2025-02-14 13:12:19
Loved the vid but wish you didnâ€™t include Kanyeâ€¦ man doesnâ€™t deserve any clout at the moment! But guess filming the ad there meant you had to include it,Negative,0,False,0,2025-02-14 13:12:19
burgers are beef. chicken is a sandwich,Neutral,0,False,0,2025-02-14 13:12:19
"Quorn nuggets in the uk are really good, better than any frozen meat chicken nuggets. Iâ€™m not even vegan or vegetarian ğŸ¤·ğŸ¼â€â™‚ï¸",Positive,0,False,0,2025-02-14 13:12:19
"1st- donâ€™t ever stop doing these vids
2- do you always eat everything?
3- how long do you wait before eating at another place ? 
Keep up the great vids!!!",Positive,143,False,0,2025-02-14 13:12:19
The stuff dripping of the pizza is the hot honey I swear when cooked itâ€™s more liquidy,Neutral,0,False,0,2025-02-14 13:12:19
"honey on your chips is the most diabetic, cholesterol increasing thing I've ever seen anyone eat",Negative,0,False,0,2025-02-14 13:12:19
Hes. An investor in daves he doesnt own it,Neutral,0,False,1,2025-02-14 13:12:19
"1) ty
2) not always, Iâ€™ll usually take left overs away and give to someone or legit just have it later. If itâ€™s bad Iâ€™ll leave it.
3) 1/2hrs",Neutral,95,False,1,2025-02-14 15:12:20
"Other than Mark and Kourtney's husband you could almost name this the ""I tested CANCELED celebrity restaurants"" lol",Neutral,0,False,0,2025-02-14 13:12:20
didnâ€™t hollywood burn down ğŸš¶â€â™‚ï¸,Neutral,0,False,0,2025-02-14 13:12:20
"Yo Big Freeze the bleachy taste is the buns bro, Its Enriched White bread and it is bleached (the wheat that is); usually when it starts going bad you can taste it, But burger spots buy them in bulk because they're pre-made and have chemicals that'll let them last longer and are much cheaper. Welcome to America lol I wish we had food standards like Britain. This is why everyone in America loves a fresh hand made bread dough.",Positive,0,False,0,2025-02-14 13:12:20
"Donnie acts like a croissant is some magical thing, look up how they are made and u might get why they are all like that !",Negative,0,False,0,2025-02-14 13:12:21
Halal?,Neutral,0,False,0,2025-02-14 13:12:21
Go to the 27 club in Cleveland,Neutral,0,False,0,2025-02-14 13:12:21
There's no chocolate in the air holes of the pan au chocolat since the holes only appear after expansion when baked and most bakeries won't cut a pan au chocolat in the middle and fill all the holes.,Neutral,141,False,0,2025-02-14 13:12:21
"Never thought calfreezy would be my go-to food critic. Also for the future, you aren't expected to tip at places unless you are being waited on. For example, the only places I would have tipped were at Mr. T and Crossroads. But of course, if you want to tip anyway, go for it :)",Neutral,0,False,0,2025-02-14 13:12:21
"He said"" tomato"" the American way. Lol",Neutral,0,False,0,2025-02-14 13:12:21
Cal hot honey is like that. It is not oil. Awesome video â¤,Positive,1,False,0,2025-02-14 13:12:21
"Those cupped pepperonis are supposed to have little pools of oil in them, that's their whole purpose.",Neutral,2,False,0,2025-02-14 13:12:21
"I can't quite describe it, but G Film eats in an unusual way",Neutral,0,False,0,2025-02-14 13:12:21
How TF do you get a fresh pizza without oil? The oil is from the pepperoni. Good pepperoni is very oily. ğŸ¤¦ğŸ»â€â™‚ï¸ğŸ¤¦ğŸ»â€â™‚ï¸ğŸ¤¦ğŸ»â€â™‚ï¸,Negative,1,False,0,2025-02-14 13:12:21
"Canâ€™t leave fat burger content out cus itâ€™s too good, aka I did the ad in there ğŸ˜‚",Positive,0,False,0,2025-02-14 13:12:21
Cal should try Raising Canes since he has tried Daveâ€™s hot chicken,Neutral,0,False,0,2025-02-14 13:12:21
"â€œContent was too good to leave outâ€, thatâ€™s because he fumed the ad there ğŸ˜‚",Neutral,0,False,0,2025-02-14 13:12:21
for a guy that looks like he builds damns with his mouth I trust what a burger does to his pallet,Neutral,0,False,0,2025-02-14 13:12:21
We call them Chicken sandwiches here in the states,Neutral,0,False,0,2025-02-14 13:12:22
Chick-fil-a has the best chicken sandwich.,Positive,0,False,0,2025-02-14 13:12:22
It is not called a slider! It is a chicken sandwich. A slider is a miniature burger or chicken sandwich.,Neutral,2,False,0,2025-02-14 13:12:22
Yeah it's obvious  he doesn't  understand  how they are madeğŸ˜‚,Negative,10,False,1,2025-02-14 16:12:22
there's chocolate in my hole,Neutral,0,False,1,2025-02-14 23:12:22
He said fries and not chips! Lol,Neutral,0,False,0,2025-02-14 13:12:23
Absolutely love this series,Positive,0,False,0,2025-02-14 13:12:23
"Bro, learn to finish your mouth full of food before you talk. What series food taster talks with a mouthful of food G. It's freaking gross",Negative,0,False,0,2025-02-14 13:12:23
"You need to come to Belfast, best food you will have",Positive,0,False,0,2025-02-14 13:12:23
You should try beefyboys in hereford and the hills in Brecon 2 of the best burgers Iâ€™ve ever tasted Iâ€™ve eat them over anything honestly highly recommend for a video,Positive,0,False,0,2025-02-14 13:12:23
Popeyes chicken sandwich,Neutral,0,False,0,2025-02-14 13:12:23
Kendrick Lamar fans gonna be calling you A Minor!!!! For liking Drake's food. Lol,Neutral,0,False,0,2025-02-14 13:12:23
Does he actually have a star on the street or is he just pranking,Neutral,0,False,0,Unknown
You should review Strad Pizza when it opens!,Positive,0,False,0,2025-02-14 13:12:23
Surely you have to try howlin rays for some good hot chicken,Positive,0,False,0,2025-02-14 13:12:23
Daveâ€™s Hot Chicken is Mid. No way Uk food is that badğŸ˜­,Negative,1,False,0,2025-02-14 13:12:23
"Naaaah, that calfreezy star bit was Golden hahah",Positive,0,False,0,2025-02-14 13:12:23
"You talk like you always have a mouth full of food, I'm sorry it's hard to look past lol.",Negative,0,False,0,2025-02-14 13:12:23
"Wahlburger is 3 wahlberg brothers. The chef is a wahlberg too, Paul. And then mark and Donnie.",Neutral,0,False,0,2025-02-14 13:12:23
Love the food reviews lol more of these,Positive,0,False,0,2025-02-14 13:12:24
Cal I beg you stop stuffing food into your cheeks to talk ğŸ˜©,Negative,0,False,0,2025-02-14 13:12:24
27:37 bro just fingered an exhaust pipe,Neutral,0,False,0,2025-02-14 13:12:24
Nahhh cal out of all the places you been to Daveâ€™s is not it Iâ€™m telling you ğŸ˜­ğŸ˜­ğŸ˜­,Negative,0,False,0,2025-02-14 13:12:24
Drake did NOT say that ğŸ’€,Negative,1,False,0,2025-02-14 13:12:24
12:08 bro being a child in real time,Neutral,1,False,0,2025-02-14 13:12:24
Is it real?,Neutral,0,False,1,2025-02-14 13:12:24
Just realised that he is the food critic from ratatouille animation.... Is it just me ?,Neutral,0,False,0,Unknown
Magic Johnson and pharrell are also investors in fatburger,Neutral,0,False,0,2025-02-14 13:12:25
I love daves hot chicken,Positive,0,False,0,2025-02-14 13:12:25
@17:13 god damn i thought i was subscribed.. good looking out,Negative,1,False,0,2025-02-14 13:12:25
Come to Philly and try Philly cheesesteaks,Neutral,0,False,0,2025-02-14 13:12:25
Cal these food vids are my guilty pleasure honestly why do they slap so hard,Positive,0,False,0,2025-02-14 13:12:25
Fat burger is a location based situation varies from chain to chain,Neutral,0,False,0,2025-02-14 13:12:25
Sorry but Â£5.50 for a slice of pizza is horrendous...,Negative,0,False,0,2025-02-14 13:12:26
"Here's a hack for Europeans to understand when and where to tip. If you're standing while ordering your food, there's no need to tip. If you're sitting while ordering your food, a tip is expected.",Neutral,40,False,0,2025-02-14 13:12:26
Dave's Hot Chicken was 100% sponsored.,Positive,0,False,0,2025-02-14 13:12:26
Dave's hot chicken ALWAYS hits,Positive,0,False,0,2025-02-14 13:12:26
"We need the Anchor Bar review, birth place of the Buffalo wing",Neutral,0,False,0,2025-02-14 13:12:26
Since when does he has a Star in LA ğŸ˜®,Neutral,0,False,0,2025-02-14 13:12:26
Calfreezy x Dave portnoy collab in 2025,Neutral,0,False,0,Unknown
Mate Peperoni is full of grease you cants change that.,Negative,1,False,0,2025-02-14 13:12:26
Foodfreezy is the best freezy!,Positive,0,False,0,2025-02-14 13:12:26
cal why would you tip if you have no waiter ğŸ’”ğŸ’”ğŸ’”,Negative,0,False,0,2025-02-14 13:12:26
Loving this content Cal,Positive,0,False,0,2025-02-14 13:12:26
Dont disrespect Donnie Walhbergâ€¦,Neutral,0,False,0,2025-02-14 13:12:26
"As a long time sub, I'm really enjoying the food reviews. This channel has seen some great variety of content and I'm here for it all! Grats Cal! Cheers from Canada :)",Positive,0,False,0,2025-02-14 13:12:26
You fool!,Negative,0,False,1,2025-02-14 14:12:27
"hes in LA at a celebritys place, were you expecting it to be cheap? ğŸ˜‚",Neutral,0,False,1,2025-02-14 13:12:27
I usually like to be standing to give my tip,Neutral,0,False,1,2025-02-14 13:12:28
Nobody caressssss ğŸ‰ğŸ‰ğŸ‰,Positive,8,False,1,2025-02-14 13:12:28
You'll receive a tip if I like your service,Positive,9,False,1,2025-02-14 13:12:28
"Hereâ€™s a hack for Americans, youâ€™ll get a tip if you earn one.",Neutral,0,False,1,Unknown
any europeans that come in complaining and saying they dont care itâ€™s ignorant and not needed im british and if i go 2 another country ill follow reasonable culture and customs its the least u can do,Negative,2,False,1,2025-02-14 13:12:28
@Patrick-tb9difollowing the culture would be not paying it as it would make your food cheaper. Same way the business doesnâ€™t pay the wage. Itâ€™s their culture,Negative,1,False,1,2025-02-14 13:12:28
Â @sarcasticdragon8673Â  i agree its silly and the owners should pay appropriate wages but its their culture and ur visiting them so u should be respectful,Neutral,1,False,1,2025-02-14 13:12:28
"@Patrick-tb9di aye fair enough, but it's not right to just straight up ask for a tip, especially if it's mediocre services.

Tips should absolutely be based off the customer service and the time it takes to receive said services, not just for receiving them.",Negative,0,False,1,2025-02-14 13:12:28
Â @harder.nationsÂ  i 100% agree in the uk id only ever tip if the service was good and the server was good same with any one ive ever spoken 2 but im also a firm believer of if u go 2 another country then u should follow their customs its respect,Positive,0,False,1,2025-02-14 13:12:28
They not like us â˜ ï¸ğŸ˜…,Negative,0,False,0,2025-02-14 13:12:29
No pickles absolutely does not insinuate no relish. If you don't want relish ask for no relish. That's on you.,Negative,1,False,0,2025-02-14 13:12:29
These food videos are actually the best videos on YouTube right now!,Positive,1,False,0,2025-02-14 13:12:29
"In my opinion go to other cities that arenâ€™t  top 5 in tourist. Charleston SC, Charlotte,NC, Nashville,TN have better food",Neutral,0,False,0,2025-02-14 13:12:29
"The editor dropping cal on the walk of fame is amazing, props man ğŸ˜",Positive,70,False,0,2025-02-14 13:12:29
Drake doesnâ€™t own Daveâ€™s ?,Neutral,1,False,0,2025-02-14 13:12:29
"Maybe itâ€™s the location i have tried, but daveâ€™s hot chicken at yonge and Dundas in toronto,, not good..",Negative,0,False,0,Unknown
24:27 is that a hair on the cheese?ğŸ˜‚ğŸ˜‚,Neutral,0,False,0,2025-02-14 13:12:29
Great video ğŸ˜Š,Positive,0,False,0,2025-02-14 13:12:29
"5 minutes in, and the content is informative BUT the editing is Top Notch! Give them a raise.",Positive,2,False,0,Unknown
Where jumper from?,Neutral,0,False,0,2025-02-14 13:12:30
Honestly the best vids,Positive,0,False,0,2025-02-14 13:12:30
Letâ€™s go love these videos,Positive,0,False,0,2025-02-14 13:12:30
The whalburgers are run and owned by 3 brothers. the chef in the cut out is a whalburg also ğŸ˜Š,Positive,0,False,0,2025-02-14 13:12:30
If you ever back in LA hit me up would love to take you to some crazy gems (Eating Spots),Positive,1,False,0,2025-02-14 13:12:30
Time to go to new heaven CT pizza capital of the world,Positive,0,False,0,2025-02-14 13:12:30
I eat breakfast burritos too!,Positive,0,False,0,2025-02-14 13:12:30
The chicken tenders at fat burger are elite!,Positive,0,False,0,2025-02-14 13:12:30
Cal they have a Daveâ€™s in Braintree Massachusetts but nothing beats birdies hot chickenğŸ¥´ğŸ¥´ğŸ˜«,Neutral,0,False,0,2025-02-14 13:12:30
Cals dressed like dr dre,Neutral,0,False,0,2025-02-14 13:12:30
Wdym? Itâ€™s legitâ€¦.,Neutral,15,False,1,2025-02-14 15:12:30
Â @CalfreezyÂ  Love the vids Cal just wondering what program your editor uses?,Positive,1,False,1,2025-02-15 02:12:30
The guy is speaking bollocks,Negative,0,False,1,2025-02-14 13:12:31
6.09,Neutral,0,False,1,2025-02-14 13:12:31
* 6:09,Neutral,0,False,1,2025-02-14 13:12:31
Friez and burgz in South Shields near Newcastle thank me later,Neutral,0,False,0,2025-02-14 13:12:32
"Yankees suck, but loved the video it was great",Positive,0,False,0,2025-02-14 13:12:32
"13:40 Great addition from Freezy, content to see if these 2 lads finish it ğŸ˜‚",Positive,117,False,0,2025-02-14 13:12:32
A Minoooorrrrrrr...,Neutral,1,False,0,2025-02-14 13:12:32
This guy didnâ€™t go outside of California and put USA edition ğŸ¤£,Neutral,1,False,0,Unknown
"Cal, I live in LA and i recognized the daveâ€™s hot chicken immediately haha",Positive,10,False,0,2025-02-14 13:12:32
These comments seem fake why are there no negative ones ğŸ˜­,Negative,1,False,0,2025-02-14 13:12:32
"Drake is more of an investor of Dave's hot chicken, than sn owner, he owns stakes, and Samuel L Jackson is also a huge investor of Dave's hot chicken and also has stakes in Dave's hot chicken.",Neutral,2,False,0,2025-02-14 13:12:32
The fact you donâ€™t know who Donny Wahlberg is? Watch Blue Bloods,Neutral,0,False,0,2025-02-14 13:12:33
All pizza in america is greasy my guy,Neutral,0,False,0,2025-02-14 13:12:33
MATE KEEP IT GOING WITH THE FOOD VIDS,Neutral,0,False,0,2025-02-14 13:12:33
"We have a place in PA called Blazin Js, hands down better than Daveâ€™s",Positive,0,False,0,2025-02-14 13:12:33
Need a Dodgers hat mate,Neutral,1,False,0,2025-02-14 13:12:33
"The reason you cant put chocolate all the way around is because it would just be one homogenous chocolate croissant. It would mix with the butter layers, which would then mix with the layers. Doing so actually takes away from both flavors making them fairly mid. However, there absolutely a way to add more chocolate into it if they're not being stingy. I dont think its possible for a place that serves a load of them every day though.",Neutral,2,False,0,2025-02-14 13:12:33
4:50 Mans doesnâ€™t know how puff pastry works lol,Negative,36,False,0,2025-02-14 13:12:33
Daveâ€™s hot chicken is not owned by Drake. It is owned by a couple Armenian guys. Drake has invested in it though.,Neutral,17,False,0,2025-02-14 13:12:33
Love a cal upload!,Positive,0,False,0,2025-02-14 13:12:33
"For the vegan restaurant, how was the pasta made as eggs are required?",Neutral,0,False,0,2025-02-14 13:12:33
World Famous Hot Boys best Chicken Sandwich in the world,Positive,0,False,0,2025-02-14 13:12:33
Keeping the nazi in just because you did your promo there is crazy stuff. Respect though.,Neutral,0,False,0,2025-02-14 13:12:33
is that calfreezy star real?? lmao,Neutral,0,False,1,2025-02-14 13:12:34
â€‹Â @alanaroberts477Â  of course not,Neutral,0,False,1,2025-02-14 13:12:34
Â @nodnarb2414Â  hehe,Positive,0,False,1,2025-02-14 13:12:34
Right I was so confused on why he kept saying drake owns the place ğŸ˜­,Negative,0,False,1,2025-02-14 13:12:34
He clearly said it bro,Neutral,12,False,1,2025-02-14 13:12:34
@ In the beginning he says â€˜this place is owned by Drakeâ€™ which it obviously isnâ€™t but he does clarify later on saying he has  invested in it.,Neutral,0,False,1,2025-02-14 13:12:35
"So he owns a percentage, making him a part owner",Neutral,0,False,1,2025-02-14 14:12:35
"Â @mhell1694Â  exactly part owner. If I own 2% of a business and I say I own this business, is that not misleading?",Neutral,0,False,1,2025-02-14 18:12:35
"You can make pasta withouth eggs quite easily. I'm more surprised on how they made the sauce as classic carbonara is just eggs and cheese, and fake carbonara just adds cream",Neutral,1,False,1,2025-02-14 13:12:35
Favourite food blogger,Positive,0,False,0,2025-02-14 13:12:36
I love that you paid for those guys to do the burger challenge that was awesome!,Positive,2,False,0,2025-02-14 13:12:36
Cal was in my country ;(,Negative,0,False,0,2025-02-14 13:12:36
Shouldâ€™ve done Jake Paulâ€™s one too while you were there,Neutral,1,False,0,2025-02-14 13:12:36
Cal could actually do a TV show for the food network and I for one would actually watch that channel.... for once,Positive,6,False,0,2025-02-14 13:12:36
Perfect timing I just sat down w my dinner,Positive,0,False,0,2025-02-14 13:12:36
Daves is so mid,Negative,0,False,0,2025-02-14 13:12:36
Best restaurant in every us state would be a cool series and it could be a good way to travel and see all the different cityâ€™s of the us,Positive,44,False,0,2025-02-14 13:12:36
"Idk how to explain it. But I like that you're not normally a food reviewer, and you have the youtuber energy and definitely the editing. So combining that together it just works and I appreciate the videos. Very fun to Watch!",Positive,573,False,0,2025-02-14 13:12:36
Been loving the Cal food reviewer switch up,Positive,1,False,0,2025-02-14 13:12:36
Why is his lips so blue? Hope he's all good,Positive,0,False,0,2025-02-14 13:12:36
"The oil is from the pepperoni Cal, itâ€™s very popular in America right now to get those cup style pepperonis filled with pepperoni oil juice",Positive,37,False,0,2025-02-14 13:12:36
Who would have thought freeze would become one of my fave YouTubers,Positive,1,False,0,2025-02-14 13:12:36
Howlin rays is better than Daveâ€™s,Positive,0,False,0,Unknown
4:58 Bruh never ever made any bakery in his life and expects something he truly doesnt know how does it work,Negative,1,False,0,2025-02-14 13:12:37
$31 for the walburgers thing donâ€™t sound that expensive compared to London prices tho tbf,Neutral,0,False,0,2025-02-14 13:12:37
I love this type of content,Positive,0,False,0,2025-02-14 13:12:37
"Calfreezy, really reminds me of the teacher from the cartoon 'Arthur'....Mr Ratburn. That's the fella. Also, these food reviews are an awesome watch. Thank you",Positive,0,False,0,Unknown
Iâ€™m so confused. Was that Hollywood hall of fame star with his name on edited? Was very convincing,Negative,0,False,0,2025-02-14 13:12:37
"You should try howlin rays. The chicken sandwich there is also really good.
Loving the new content â¤",Positive,0,False,0,2025-02-14 13:12:37
U always get oil on pepperoni ğŸ˜‚ğŸ˜‚,Neutral,1,False,1,2025-02-14 13:12:37
Yes,Neutral,0,False,1,2025-02-14 13:12:38
Offering the workers xxxl challenge was the highlight of the video,Positive,0,False,0,2025-02-14 13:12:38
Calfreezy not knowing Mark walhburgs brother Donnie is absolutely criminal,Negative,0,False,0,2025-02-14 13:12:38
50k views after one hour. Bro fell offâ¤ğŸ˜‚,Neutral,0,False,0,2025-02-14 13:12:38
"Cal really is riding the ""if it anit broke dont fix it"" food videos, gread vid!",Negative,0,False,0,2025-02-14 13:12:38
"Cal, peperoni is always going to be oily, its literally a sausage made from fat, with cheese which is always going to be oily unless you want them to pat your pizza down with paper towels",Negative,26,False,0,2025-02-14 13:12:38
"Man, Cal and G films to take over the world and I am here for it!",Positive,0,False,0,2025-02-14 13:12:38
Not a fan of an out of 5 rating. Just go for 10! Great video though,Neutral,1,False,0,2025-02-14 13:12:38
Editing on these videos are actually cold,Negative,3,False,0,2025-02-14 13:12:38
From fifa 13 QPR career mode to good content what a guy,Positive,2,False,0,2025-02-14 13:12:39
"automatically cannot take him seriously....DAVES ""HOT"" CHICKEN is so ass. YT people shouldn't do food reviews.",Negative,1,False,0,2025-02-14 13:12:39
Do British people call it a burger because they canâ€™t say chicken sandwich? Iâ€™m confused,Negative,1,False,0,2025-02-14 13:12:39
Got a new sub great video I know you don't need it haha but hey,Positive,1,False,0,2025-02-14 13:12:39
Daveâ€™s hot chicken is owned by drake since when?,Neutral,0,False,0,2025-02-14 13:12:39
4:47 I don't think this man knows how bread works ğŸ’€,Negative,137,False,0,2025-02-14 13:12:39
CalFreezy or should I say CalFoody! Lol x,Positive,2,False,0,2025-02-14 13:12:39
Most rank thumbnail of all time,Positive,0,False,0,2025-02-14 13:12:39
Bro freezy is taking us back in 2017-18 era of youtube,Neutral,1,False,0,Unknown
seeing brits talk about food pisses me off,Negative,0,False,0,2025-02-14 13:12:39
bro had to add a disclaimer coz of kanyeğŸ˜‚,Neutral,0,False,0,2025-02-14 13:12:39
not the little hair on the Wahlburgers cheese,Neutral,0,False,0,2025-02-14 13:12:39
Its not just the British. Im Canadian currently living in the Netherlands and both those countries also call them chicken burgers. Most EU countries would also call it a burger. The only place Ive ever heard it referred to as a sandwich would be in the US.,Neutral,1,False,1,2025-02-14 13:12:40
"No, Europeans just don't care enough to specify. Any sandwich with hot meat (beef, chicken or fish) is just called a burger",Negative,0,False,1,2025-02-14 13:12:40
"a chicken sandwich is something entirely different to a chicken burger
while not 100% accurate the simplest way for me to explain it is cooked hot meat on bun = burger, cold meat on sliced bread = sandwich

chicken burger
https://thescranline.com/wp-content/uploads/2022/02/crispy-chicken-burger-WEB-01.jpg

chicken sandwich
https://www.tiptop.com.au/wp-content/uploads/2022/01/55853772_1741938415905874_3992422962081824768_n.jpg",Neutral,0,False,1,2025-02-14 13:12:40
bruh i was thinking the same thing lmao,Neutral,0,False,1,2025-02-14 13:12:41
I THOUGHT THE SAME THING!! He needs to watch youtube video!,Neutral,0,False,1,2025-02-14 13:12:41
"Not true.  Cuasants are made by laminating many layers of dough, they could add layers of choc between those layers.",Neutral,13,False,1,2025-02-14 13:12:41
Â @nuko5882Â not sure it would rise and look like a croissant ğŸ¥,Neutral,0,False,1,2025-02-14 13:12:41
He also called it a croissant even though it's a pain au chocolate. French people will be crying,Negative,7,False,1,2025-02-14 13:12:41
"â€‹@nuko5882  it wouldn't work with laminated dough either, the chocolate is too fatty and it would become a melted buttery pastry mess, it might taste good but it wouldn't be a croissant",Negative,2,False,1,2025-02-14 15:12:41
Get a lint roller for that shirt homie.,Neutral,1,False,0,2025-02-14 13:12:42
Hattie Bâ€™s clears Daveâ€™s go to Nashville,Neutral,1,False,0,2025-02-14 13:12:42
Cal just out here giving great reviews for all the cancelled rappers under investigation ğŸ™ƒ,Neutral,2,False,0,2025-02-14 13:12:42
"You have to come to Portugal ,Braga especifically to try Francesinha at Taberna Belga",Neutral,0,False,0,2025-02-14 13:12:42
the editing was class in this vid,Neutral,3,False,0,2025-02-14 13:12:42
"Walburger get a gimmick place, trash food.  Itâ€™s just a celebrity trying his hand in something he shouldnâ€™t have put his hand in.",Negative,0,False,0,2025-02-14 13:12:42
"Just a guide for tipping - usually at restaurants where there are no waiters or you walk up to a counter and order, clean up your table yourself, etc you donâ€™t need to tip - itâ€™s really only when a restaurant has waiters that you need to tip",Neutral,1,False,0,2025-02-14 13:12:42
Daveâ€™s is not overrated itâ€™s just expensive,Neutral,0,False,0,2025-02-14 13:12:42
"When I saw Kanye, I thought ""Uh oh, does he know that he's openly a Nazi and selling Nazi clothing?"" but It was all filmed before so that makes sense",Negative,0,False,0,2025-02-14 13:12:42
"Dave's isn't owned by drake, it's owned by the 4 people that started the business drake is just one of their investors, of which there are quite a few.",Neutral,64,False,0,2025-02-14 13:12:43
You know damn well those vegan nuggets are 90% chemicals and plastics and 10% vegetables,Negative,0,False,0,2025-02-14 13:12:43
BBQ societyâ€™s Nashville hot chicken burger is better than Daveâ€™s hot chicken.m I promise you Cal u need to try it,Positive,0,False,0,2025-02-14 13:12:43
Why do people never add the 3 scores up and divide by 3 so you still give a score out of 5 than a weird out of 15,Negative,0,False,0,2025-02-14 13:12:43
The reason the croissant doesn't fully get filled.It's because those little pockets aren't there and don't exist until after it's done baking.The way you build a croissant is with multiple layers that when they bake fill with air.So you get a nice fluffy pastry,Neutral,0,False,0,2025-02-14 13:12:43
"Drake doesn't own dave's hot chicken but is rather a large investor - along with samuel l jackson, maria shriver, michael strahan. etc. but I do believe drake has the largest investment out of them",Neutral,0,False,0,2025-02-14 13:12:43
Who else is here for calâ€™s generational run. Get this man an amazon show.,Neutral,1.8K,True,0,2025-02-14 13:12:43
Another freezy banger. Keep em coming lad,Positive,1,False,0,2025-02-14 13:12:43
Thought la was burnt?,Neutral,0,False,0,2025-02-14 13:12:43
Soâ€¦ Freezy supports a Certified loverboyâ€¦. Certified pÃ¨dÃ²fÄ©le,Neutral,0,False,0,2025-02-14 13:12:43
Fatburger died a decade ago. Nobody likes it and a lot of places closed.,Negative,0,False,0,2025-02-14 13:12:43
Yesss Dave's started by Armenians in LA,Negative,7,False,1,2025-02-14 16:12:44
"i dont think he said drake owned it i think he meant drake invested in it, and i dont even thinkkanye has anything to do with fatburger i think it was a meme",Neutral,2,False,1,2025-02-14 21:12:44
Â @ayodeledavid3034Â  he almost immediately says owned by drake,Neutral,1,False,1,2025-02-15 00:12:44
We gotta find a way!!,Positive,3,False,1,2025-02-14 13:12:45
Why not just add it afterwards,Neutral,0,False,1,2025-02-14 13:12:45
ğŸ™ğŸ»ğŸ™ğŸ»ğŸ™ğŸ» thank you king,Positive,223,False,1,2025-02-14 13:12:46
Â @CalfreezyÂ I love these food review videos so much man keep it up ğŸ˜‚,Positive,11,False,1,2025-02-14 13:12:46
Absolute cringe,Negative,19,False,1,2025-02-14 13:12:46
Â @CalfreezyÂ  The restaurant that you went to that Jay Z is a co-owner of you shouldâ€™ve asked them why he likes to diddle children like his best friend P. Diddy,Neutral,0,False,1,2025-02-14 13:12:46
thats what it feels like tbh,Neutral,0,False,1,2025-02-14 13:12:46
Â @sneer0101Â  someones depressed,Negative,4,False,1,2025-02-14 13:12:46
Seriously yes Iâ€™ve watched all his food vids I need moreeeeeeeeeee,Positive,1,False,1,2025-02-14 13:12:46
Â @CalfreezyÂ food review r my fav literally love it sm ğŸ˜Š,Positive,0,False,1,2025-02-14 13:12:46
Who tf would want to watch on Amazon compared to YouTube,Negative,4,False,1,2025-02-14 13:12:46
â â€‹â Â @CalfreezyÂ if you are ever back in la you need to try howlin rays to be one of the best chicken sandwiches I have tried,Positive,0,False,1,2025-02-14 13:12:47
"â€‹Â @CalfreezyÂ 
Cal you need a Nat Geo Show.",Neutral,0,False,1,2025-02-14 13:12:47
This is what we needed,Positive,0,False,1,2025-02-14 13:12:47
No,Neutral,0,False,1,2025-02-14 14:12:47
â€‹Â @sneer0101Â 15k people didn't think so ğŸ˜‚,Neutral,0,False,1,2025-02-14 16:12:47
He's got a star on his name in the boulevard walk. What now can a man ask,Neutral,0,False,1,2025-02-14 19:12:47
Top tier glazing,Positive,0,False,1,2025-02-14 19:12:47
Hell nah!! Thatâ€™d be ass,Negative,0,False,1,2025-02-14 20:12:48
Â @andsi-rÂ 1.5k not 15k,Neutral,0,False,1,2025-02-15 01:12:48
you wanted to give that pizza a 4 but because you dont like deep pan you dropped to a 3 lol,Negative,1,False,0,2025-02-14 13:12:48
"much love freezy
editing style tuff content tuff everything tuff but them news channels background music gotta go ngl (not only the intro, im talking about every single background music ft in this vid cuz they remind me of boomer vids)",Positive,0,False,0,Unknown
48 mins,Neutral,0,False,0,2025-02-14 13:12:48
we all know you included the kanye restaurant because it had the ad read in itğŸ˜‚,Neutral,2,False,0,2025-02-14 13:12:48
Letâ€™s gooo USA,Positive,0,False,0,2025-02-14 13:12:48
I donâ€™t trust a reviewer who doesnâ€™t like pickles. ğŸ˜‚,Negative,2,False,0,2025-02-14 13:12:48
"This is super inspiring, keep grinding.",Positive,36,False,0,2025-02-14 13:12:49
"You motivate me so much, keep doing.",Positive,25,False,0,2025-02-14 13:12:49
love the transparency with the daves one!,Positive,0,False,0,2025-02-14 13:12:49
I sound like a bot but I swear Forbidden Path for Achieving Wealth is worth finding it changed my life,Positive,0,False,0,2025-02-14 13:12:49
"I donâ€™t know who needs to hear this, but ebook titled Forbidden Path for Achieving Wealth might be the answer youâ€™re looking for.",Neutral,0,False,0,2025-02-14 13:12:49
Daveâ€™s hot chicken doesnâ€™t have anything to do with Drake,Neutral,0,False,0,2025-02-14 13:12:49
"I recommend everyone to find book titled 'Forbidden Path for Achieving Wealth', it changed my life",Positive,48,False,0,2025-02-14 13:12:49
"This book really opened my eyes, has anyone else read 'Forbidden Path for Achieving Wealth'?",Positive,0,False,0,2025-02-14 13:12:49
I still can't wrap my head around why nobodys talking about Forbidden Path for Achieving Wealth on Avolorus It's next level stuff,Negative,79,False,0,2025-02-14 13:12:49
Make this top comment so the bots arenâ€™t,Neutral,2,False,0,2025-02-14 13:12:49
CalRigwog eating good,Positive,0,False,0,2025-02-14 13:12:49
was only right to wear the NY cap in Jay-Z's gaff,Positive,0,False,0,2025-02-14 13:12:49
Cal u have to try beefyboys in Hereford for top tier,Neutral,0,False,0,2025-02-14 13:12:49
Come on owner give the guy the challenge win he got it in his mouth ğŸ˜‚,Neutral,3,False,0,2025-02-14 13:12:49
thank you,Positive,0,False,1,2025-02-14 13:12:50
i will,Neutral,0,False,1,2025-02-14 13:12:50
ty,Neutral,0,False,1,2025-02-14 13:12:50
rare Drake W these days here for it,Neutral,0,False,0,2025-02-14 13:12:51
Cals been eating like heâ€™s just discovered food lately,Neutral,36,False,0,2025-02-14 13:12:51
Since when did people let horses graze in there restaurants?,Negative,0,False,0,2025-02-14 13:12:51
a freezy vid and 2 sidemen vids in the last hour is nuts,Neutral,3,False,0,2025-02-14 13:12:51
That fat burger looked like something you would get from a backyard cookout from a cook that doesnâ€™t know how to grill,Negative,11,False,0,2025-02-14 13:12:51
Calfreezy ââ Calfoodie âœ…âœ…,Neutral,1,False,0,2025-02-14 13:12:51
YO CALFREEZY THIS IS FREE SPEECH ERA U DONT NEED TO CAVEAT VISITING YE RESTAURANT IN FACT YOU SHOULD ACTIVELY ENCOURAGE IT LONG LIVE YE W YE,Neutral,0,False,0,2025-02-14 13:12:51
Bulks on the next level we need a physique update,Neutral,2,False,0,2025-02-14 13:12:51
Cal howlin rays in LA is 100x better than Daveâ€™s hit chicken,Positive,0,False,0,2025-02-14 13:12:51
Mate these are some of the best videos ever made to YouTube youâ€™ve perfected the vibes edit and general story. Never stop making these,Positive,261,False,0,2025-02-14 13:12:52
Horny for this content,Positive,0,False,0,2025-02-14 13:12:52
WILD to put money in Jay diddy z's pocket,Neutral,0,False,0,2025-02-14 13:12:52
Need a cal and Jolly or Topjaw collab next!,Neutral,0,False,0,2025-02-14 13:12:52
"Relish is pickles. Also the more beef, typically means less flavour. The other however much percent is fat which is the flavour",Negative,1,False,0,Unknown
"is honey mustard not a thing in the UK? bro said ""sweet mustard"" like he was mind blownğŸ¤£",Neutral,10,False,0,2025-02-14 13:12:52
"I gotta know the best pizza in NYC, I will be there in October !",Positive,0,False,0,2025-02-14 13:12:52
wtf i literally just watched the old vid,Neutral,0,False,0,2025-02-14 13:12:52
Getting the notification just when i was ready to eat is so peak!,Positive,13,False,0,2025-02-14 13:12:52
Cal always attacks his food like hes in a brawl :D,Negative,7,False,0,2025-02-14 13:12:52
Videos have been absolute bangers but bring back the chef freezy â¤,Positive,0,False,0,2025-02-14 13:12:52
"Mm yeah no. No one in their right mind, especially a content creator, is going to actively support an open Nazi.",Negative,0,False,1,2025-02-14 13:12:53
you might as well just bum him,Negative,0,False,1,2025-02-14 13:12:53
Bot comments yeah?,Neutral,1,False,1,2025-02-15 01:12:53
It's not uncommon but it's not popular. Like you can get it in stores for home use but most restaurants won't have it,Negative,4,False,1,2025-02-14 13:12:54
@ oh interesting thatâ€™s something I never would have even thought of thanks for clarification :),Positive,0,False,1,2025-02-14 13:12:54
Subway has banging honey mustard tho,Neutral,2,False,1,2025-02-14 14:12:54
freezy really became the best uk YouTuber. the only one I still watch,Positive,7,False,0,2025-02-14 13:12:54
"I wonder if Dave's Hot Chicken is like Raising Cane's. I'm not sure of the locations for Raising Cane's, but I'm in Texas. You should go try their sauce.",Neutral,0,False,0,2025-02-14 13:12:54
I really hate it when UK content creator's go to US for a video and put on that fake American twang in there voiceğŸ˜…,Negative,0,False,0,2025-02-14 13:12:55
Only 8k views my guy fell offğŸ˜…,Neutral,0,False,0,2025-02-14 13:12:55
Just wanted to say I found out about your channel 1 week ago and I have watched almost all the videos from the last four years since then. Love your Videos,Positive,19,False,0,2025-02-14 13:12:55
Awesome job calis drop a like for you see,Positive,1,False,0,2025-02-14 13:12:55
Perfect timing for dinner thanks Cal,Positive,0,False,0,2025-02-14 13:12:55
Perfect timing for dinnerğŸ™ğŸ¼,Positive,0,False,0,2025-02-14 13:12:55
"Best fried chicken hands down in USA is Howlin Rayâ€™s in LA. Do try that out.
Like the comment so that he can try it!ğŸ˜…",Positive,0,False,0,2025-02-14 13:12:55
"Heck ya! My man, Freeeeeeezzzyyy! My favorite food critic! ğŸ˜‚",Positive,0,False,0,2025-02-14 13:12:55
banger got my food went up stairs and saw this vid im living life great thanks for the content,Positive,24,False,0,2025-02-14 13:12:55
1500 views in 4 minutes omg!! mans popping off,Positive,0,False,0,2025-02-14 13:12:55
cals page is becoming a food channel and iâ€™m so here for it,Positive,1.6K,False,0,2025-02-14 13:12:55
3:30 Kendrick just opened a BBQ next door,Neutral,3,False,0,Unknown
Your videos are always so rewarding and enjoyable. Thank you for your work and talent!ğŸ”¥ğŸ«ğŸ¯,Positive,0,False,0,2025-02-14 13:12:55
"Just curious, was it recorded before or after the wildfires?",Neutral,1,False,0,2025-02-14 13:12:55
Ohiko goon reizz,Neutral,1,False,0,2025-02-14 13:12:55
Calbreezy,Neutral,0,False,0,2025-02-14 13:12:55
People are saying â€œamazing videoâ€â€¦ bro the video was posted 3 minutes ago how have you watched it all?,Neutral,11,False,0,2025-02-14 13:12:55
overtake ksi please,Neutral,1,False,0,2025-02-14 13:12:56
Mashtag,Neutral,0,False,1,2025-02-14 14:12:56
Raising Cane's is mid asf Dave's Hot Chicken is definitely above that.,Neutral,2,False,1,2025-02-14 13:12:56
"@mahfuzahaque3839Â  I've never had Dave's. People here seem to like Cane's, but I still prefer Chick-Fil-A, lol. I watched a Faze Rug video and I believe it was KFC that uses actually beef tallow to fry their chicken. Chicken places are stepping it up a notch.",Neutral,1,False,1,2025-02-14 13:12:56
"Bro the video came out 1 minute ago, glazing",Neutral,1,False,1,2025-02-14 13:12:57
@iykesÂ  Ya! I love the guy! ğŸ˜,Positive,1,False,1,2025-02-14 13:12:57
"Give your life to Jesus. Amen!
+
Trust in Jesus Christ, not antichrist.
+
I hope and pray that folks change their view and invite the Lord Jesus Christ into their life to rule and reign.
+
Satan is referred to as the prince of the power of the air for good reason, he owns the airwaves on planet earth and is the god (little g) of this world. It is my hope and prayer that you choose the God (Big G) of heaven who controls the destiny of your eternal soul.
+
(Matthew 10:28 > And fear not them which kill the body, but are not able to kill the soul: but rather fear him which is able to destroy both soul and body in hell.)
+
(Proverbs 9:10 > The fear of the LORD is the beginning of wisdom: and the knowledge of the holy is understanding.)

(2 Corinthians 4:3-4 > [3]-But if our gospel be hid, it is hid to them that are lost:
[4]-In whom the god of this world hath blinded the minds of them which believe not, lest the light of the glorious gospel of Christ, who is the image of God, should shine unto them.)

(Romans 10:9-10 > [9]-That if thou shalt confess with thy mouth the Lord Jesus, and shalt believe in thine heart that God hath raised him from the dead, thou shalt be saved.
[10]-For with the heart man believeth unto righteousness; and with the mouth confession is made unto salvation.)

(Romans 10:13 > For whosoever shall call upon the name of the Lord shall be saved.)

(Ephesians 2:8-9 > [8]-For by grace are ye saved through faith; and that not of yourselves: it is the gift of God:
[9]-Not of works, lest any man should boast.)

(Revelation 3:20 > Behold, I stand at the door, and knock: if any man hear my voice, and open the door, I will come in to him, and sup with him, and he with me.)

Is Jesus knocking at the door of your heart? Is this your opportunity for eternal salvation? If it is, I hope and pray that you open the door and invite Him in to your heart and life, in Jesus' name. Amen!

All glory be to God. Amen!
+
Praise the Lord.",Neutral,1,False,1,2025-02-15 01:12:58
Â @SpoonahÂ  almost!,Neutral,3,False,1,2025-02-14 13:12:58
Â @SpoonahÂ  became,Neutral,0,False,1,2025-02-14 20:12:58
always has been,Neutral,0,False,1,2025-02-15 02:12:58
"Yal are insane... dude literally is just eating fast food and posting it as a video. How lame, is that really interesting to you?",Negative,1,False,1,2025-02-15 06:12:58
@everyoneâ€™s got different opinions on content no oneâ€™s asking you to watch it ğŸ‘€,Neutral,0,False,1,2025-02-15 06:12:58
Â @TTOS69Â  and yet... here you are!,Neutral,0,False,1,2025-02-15 09:12:58
Dead internet theory,Neutral,0,False,1,2025-02-14 13:12:59
Cal may as well open his own restaurant at this rate,Neutral,979,False,0,2025-02-14 13:12:59
Lunch time,Neutral,0,False,0,2025-02-14 13:12:59
Rumour has it Calfreezy doesnt reply to comments,Neutral,0,False,0,2025-02-14 13:12:59
N-,Neutral,0,False,0,2025-02-14 13:12:59
Finally from the podcast news not telling usğŸ«¡,Neutral,0,False,0,2025-02-14 13:12:59
Im seeing this so early wtfğŸ˜­ amazing vid as always,Positive,1,False,0,2025-02-14 13:12:59
First,Neutral,0,False,0,2025-02-14 13:12:59
Love your content. Ran out of other good content to watch till I found your channel.,Positive,5,False,0,2025-02-14 13:13:00
Gwan my guy another banger,Positive,2,False,0,2025-02-14 13:13:00
We need more big wedge!!! Been loving the golf vids keep it up! Would love to be in a golf video with you and the gang!,Positive,1,False,0,2025-02-14 13:13:00
Hypeee,Positive,0,False,0,2025-02-14 13:13:00
borger,Neutral,0,False,0,2025-02-14 13:13:00
freezy really dropping regularly. ğŸ˜‚ğŸ’ª,Positive,84,False,0,2025-02-14 13:13:00
3 views in a second lmao,Neutral,0,False,0,2025-02-14 13:13:00
Watching your channel is like a breath of fresh air in a world of entertainment and fun. Keep making us happy with your fun and funny videos!ğŸ«”ğŸ«ğŸ¦›,Positive,2,False,0,2025-02-14 13:13:00
Love the food videos,Positive,0,False,0,2025-02-14 13:13:00
1st,Neutral,0,False,0,2025-02-14 13:13:00
Cette vidÃ©o est tellement drÃ´le que mÃªme ma bouilloire a Ã©clatÃ© de rireğŸ’,Neutral,1,False,0,2025-02-14 13:13:00
Ok,Neutral,0,False,0,2025-02-14 13:13:00
Been loving the food vids keep them coming,Positive,1,False,0,2025-02-14 13:13:00
Heâ€™d just hype his own food up and it would be mediocre like the rest of em,Negative,27,False,1,2025-02-14 13:13:01
It would be dross fella x,Negative,4,False,1,2025-02-14 13:13:01
Literally just thinking this,Neutral,0,False,1,2025-02-14 13:13:01
Rataburger,Neutral,0,False,1,2025-02-14 13:13:01
Restaurants are one of the hardest things to open and keep running consistently tbh,Negative,2,False,1,2025-02-14 13:13:01
Â @brookebarks1Â youâ€™re a bundle of joy arenâ€™t you,Positive,1,False,1,2025-02-14 13:13:01
â€‹@xd_liverbird123_5  its just realistic,Neutral,2,False,1,2025-02-14 13:13:01
Dude even know how to cook? ğŸ¤”,Negative,0,False,1,2025-02-14 13:13:01
"Natural progression. Internet fame, pump and dump business that lasts Max 18 months, a few worst rated hotel in my city, minor texting scandal, radio silence, half arsed self promotional and out of touch apology, viewer count lowers, do a few local appearances, develop some kind of wild addiction and move to a south east Asian nation and marry someone 30 years younger. Only a matter of time",Negative,0,False,1,2025-02-14 19:13:01
V!!!!,Positive,0,False,1,2025-02-14 13:13:01
must be really hard for him to force himself to eat nice food and talk about it,Negative,6,False,1,2025-02-14 13:13:02
Oh Iâ€™m early for once ğŸ˜†,Positive,0,False,0,2025-02-14 13:13:02
Love this content â¤â¤â¤,Positive,0,False,0,2025-02-14 13:13:02
im way too early,Negative,0,False,0,2025-02-14 13:13:02
First like and comment,Neutral,0,False,0,2025-02-14 13:13:02
1,Neutral,0,False,0,2025-02-14 13:13:02
you are gay,Negative,0,False,0,2025-02-14 13:13:02
20 secs?????,Neutral,0,False,0,2025-02-14 13:13:03
Early asf,Neutral,0,False,0,2025-02-14 13:13:03
First,Neutral,0,False,0,2025-02-14 13:13:03
Hi Cal ğŸ‘‹ğŸ»,Positive,0,False,0,2025-02-14 13:13:03
first ğŸ™ love the food vids,Positive,0,False,0,2025-02-14 13:13:03
Come on brother!!!,Positive,0,False,0,2025-02-14 13:13:03
FIRST,Neutral,0,False,0,2025-02-14 13:13:03
